gene_symbol	uniprot
A2ML1	A8K2U0
A2ML1	F5GXP1
A2ML1	F5GYG7
A2ML1	H0YGG5
A2ML1	H0YH14
AAR2	A0A7P0T8J7
AAR2	A0A7P0TA70
AAR2	A2A2Q9
AAR2	Q9Y312
AASS	A0A7P0T834
AASS	A0A7P0T8W7
AASS	A0A7P0T9N4
AASS	A0A7P0TA09
AASS	A0A7P0TA62
AASS	A0A7P0TAY5
AASS	A0A7P0TB07
AASS	A0A7P0TBD2
AASS	A0A7P0Z402
AASS	A0A7P0Z428
AASS	A0A7P0Z4M3
AASS	A4D0W4
AASS	F8WAH1
AASS	F8WE53
AASS	Q9UDR5
AATF	A0A087WTH8
AATF	A0A087WW41
AATF	A0A087WWS8
AATF	A0A0J9YWE9
AATF	A0A7P0T868
AATF	A0A7P0TAR0
AATF	A0A7P0TBG4
AATF	A0A7P0TBI0
AATF	A0A7P0Z434
AATF	A0A7P0Z4N2
AATF	A0A7P0Z4P2
AATF	Q9NY61
ABCC1	A0A0A0MS99
ABCC1	A0A7I2V2E0
ABCC1	A0A7I2V4C6
ABCC1	G0ZCM3
ABCC1	G0ZCM4
ABCC1	G0ZCM5
ABCC1	G0ZCM6
ABCC1	I3L4X2
ABCC1	P33527
ACAD9	A0A7P0T7Z1
ACAD9	A0A7P0T871
ACAD9	A0A7P0T8U3
ACAD9	A0A7P0T9N9
ACAD9	A0A7P0TB58
ACAD9	A0A7P0TB68
ACAD9	A0A7P0Z450
ACAD9	D6R9Z3
ACAD9	D6RCD8
ACAD9	D6RDK9
ACAD9	D6RGK6
ACAD9	D6RJA8
ACAD9	H0Y8Z9
ACAD9	Q9BUX5
ACAD9	Q9H845
ACAD9	Q9H9W4
ACADM	A0A0S2Z366
ACADM	A0A0S2Z3A5
ACADM	A0A7P0T8B6
ACADM	A0A7P0T8G6
ACADM	A0A7P0T8J9
ACADM	A0A7P0T932
ACADM	A0A7P0T9W7
ACADM	A0A7P0TA39
ACADM	A0A7P0TA63
ACADM	A0A7P0TAB2
ACADM	A0A7P0TAZ5
ACADM	A0A7P0TB28
ACADM	A0A7P0TB51
ACADM	A0A7P0TB55
ACADM	A0A7P0TBD1
ACADM	A0A7P0TBF2
ACADM	A0A7P0Z4Q0
ACADM	E9PIX8
ACADM	E9PJM9
ACADM	E9PLN7
ACADM	E9PQA8
ACADM	E9PRX4
ACADM	F6YB23
ACADM	H0YDT5
ACADM	P11310
ACADM	Q5T4U5
ACE2	A0A7I2V2E9
ACE2	A0A7I2V3N4
ACE2	A0A7I2V3X6
ACE2	A0A7I2V4H0
ACE2	A0A7I2V5W5
ACE2	Q9BYF1
ACSL3	A0A024R487
ACSL3	A0A7P0T8L6
ACSL3	A0A7P0T905
ACSL3	A0A7P0TA76
ACSL3	A0A7P0TB52
ACSL3	A0A7P0TBB1
ACSL3	A0A7P0TBL9
ACSL3	C9JC11
ACSL3	F5GWH2
ACSL3	H7BYZ7
ACSL3	O95573
ACSL3	Q6PIM8
ACTL6A	C9JQT2
ACTL6A	D3DNS0
ACTL6A	H7C5S0
ACTL6A	O96019
ACVR1B	F5H5Q2
ACVR1B	P36896
ADA	A0A0S2Z381
ADA	A0A0S2Z3B9
ADA	A0A0S2Z3T6
ADA	F5GWI4
ADA	F5GXW0
ADA	F5GYD4
ADA	P00813
ADA	Q16073
ADA	X5D767
ADAM9	A0A0J9YY58
ADAM9	A0A7I2V2E1
ADAM9	A0A7I2V2Z6
ADAM9	A0A7I2V303
ADAM9	A0A7I2V3B5
ADAM9	A0A7I2V3C1
ADAM9	A0A7I2V3I3
ADAM9	A0A7I2V3W3
ADAM9	A0A7I2V4B3
ADAM9	A0A7I2V4T8
ADAM9	A0A7I2V5C0
ADAM9	A0A7I2V5N8
ADAM9	A0A7I2V5Q0
ADAM9	A0A7I2YQ97
ADAM9	A0AVL1
ADAM9	C9J6H5
ADAM9	C9JPM3
ADAM9	F8WC54
ADAM9	Q13443
ADAMTS1	A0A7I2V400
ADAMTS1	A0A7I2V5J1
ADAMTS1	A0A7I2YQL5
ADAMTS1	E5RI60
ADAMTS1	Q8NE26
ADAMTS1	Q9UHI8
ADAT2	Q7Z6V5
ADGRG2	Q8IZP9
ADK	A0A5F9ZGZ8
ADK	A0A5F9ZH31
ADK	A0A5F9ZH72
ADK	A0A5F9ZH76
ADK	A0A5F9ZH83
ADK	A0A5F9ZHJ1
ADK	A0A5K1VW54
ADK	A0A5K1VW94
ADK	P55263
ADORA1	A0A087X173
ADORA1	P30542
ADORA1	S5RC53
ADRA1D	B0ZBE0
ADRA1D	P25100
AFP	J3KMX3
AFP	P02771
AGPS	A0A1B0GWA2
AGPS	A0A2R8YEL0
AGPS	A0A7P0T857
AGPS	A0A7P0T8Q7
AGPS	A0A7P0T984
AGPS	A0A7P0T9C9
AGPS	A0A7P0TA54
AGPS	A0A7P0TAL3
AGPS	A0A7P0TAU9
AGPS	B7Z3Q4
AGPS	B8ZZ81
AGPS	O00116
AGPS	Q53S12
AGPS	Q53SG6
AGPS	Q53SN7
AKAP12	Q02952
AKAP12	Q6NSG9
AKAP12	Q86TJ9
AKAP8	A0A7P0T893
AKAP8	A0A7P0TAA4
AKAP8	A0A7P0TBC8
AKAP8	M0QX51
AKAP8	O43823
AKAP8	Q8NE02
AKAP8L	A0A7P0T847
AKAP8L	A0A7P0T8N3
AKAP8L	A0A7P0T9N5
AKAP8L	A0A7P0TAD3
AKAP8L	A0A7P0TAE3
AKAP8L	A0A7P0TAJ5
AKAP8L	A0A7P0TBP0
AKAP8L	B3KMD4
AKAP8L	M0QYT7
AKAP8L	M0R008
AKAP8L	M0R010
AKAP8L	M0R1L5
AKAP8L	M0R1Y5
AKAP8L	Q9ULX6
AKAP8L	V9GZ50
AKAP9	A0A0A0MRF6
AKAP9	A0A2R8Y590
AKAP9	A0A6I8PUD8
AKAP9	A0A7P0T8N5
AKAP9	A0A7P0T8Z8
AKAP9	A0A7P0T928
AKAP9	A0A7P0T939
AKAP9	A0A7P0T9A9
AKAP9	A0A7P0T9E2
AKAP9	A0A7P0TAA2
AKAP9	A0A7P0TAD6
AKAP9	A0A7P0TAJ1
AKAP9	A0A7P0TAX3
AKAP9	A0A7P0TB09
AKAP9	A0A7P0TBH8
AKAP9	A0A7P0TBI4
AKAP9	A0A7P0Z4N5
AKAP9	A0A7P0Z4Q5
AKAP9	A4D1E4
AKAP9	H7BYL6
AKAP9	Q6PJH3
AKAP9	Q99996
ALDH1A1	P00352
ALDH1A1	Q5SYQ7
ALDH1A1	Q5SYQ8
ALDH1A1	Q5SYQ9
ALDH2	A0A384NPN7
ALDH2	B0LUF9
ALDH2	B0LUG0
ALDH2	B0LUG2
ALDH2	B4YAH7
ALDH2	F8VSB0
ALDH2	P05091
ALDH2	Q9UN17
ALDH2	S4R3S4
ALG11	A0A087WYL8
ALG11	A0A3B3IS90
ALG11	A0A3B3ISP7
ALG11	A0A3B3ISU2
ALG11	A0A7P0T8B1
ALG11	A0A7P0T8Y4
ALG11	A0A7P0T9G5
ALG11	A0A7P0Z4B5
ALG11	Q2TAA5
ALG11	Q5TAP0
ALG5	A0A7P0T850
ALG5	A0A7P0T882
ALG5	A0A7P0T8X9
ALG5	A0A7P0T901
ALG5	A0A7P0T9B8
ALG5	A0A7P0T9C7
ALG5	A0A7P0T9X2
ALG5	A0A7P0TA95
ALG5	A0A7P0TA98
ALG5	A0A7P0TAI2
ALG5	A0A7P0TAL2
ALG5	A0A7P0TB27
ALG5	A0A7P0Z4I2
ALG5	B4DR67
ALG5	Q9Y673
ALG8	A0A024R5K5
ALG8	A0A0S2Z5N3
ALG8	A0A7P0T810
ALG8	A0A7P0T837
ALG8	A0A7P0T845
ALG8	A0A7P0T8Q8
ALG8	A0A7P0T919
ALG8	A0A7P0T9A3
ALG8	A0A7P0T9F4
ALG8	A0A7P0T9H4
ALG8	A0A7P0T9J9
ALG8	A0A7P0T9Q0
ALG8	A0A7P0T9Y0
ALG8	A0A7P0TA89
ALG8	A0A7P0TAA1
ALG8	A0A7P0TAA8
ALG8	A0A7P0TAL7
ALG8	A0A7P0TB84
ALG8	A0A7P0Z449
ALG8	A0A7P0Z4J4
ALG8	E9PK79
ALG8	E9PKA5
ALG8	E9PNE2
ALG8	E9PP80
ALG8	E9PP96
ALG8	E9PR58
ALG8	H0YCV0
ALG8	H0YD42
ALG8	H0YDD3
ALG8	H0YDV4
ALG8	H0YEE0
ALG8	L8E8S9
ALG8	Q9BVK2
AMMECR1	A0A0S2Z4V0
AMMECR1	A0A0S2Z4X0
AMMECR1	Q9Y4X0
ANO3	A0A5F9ZHL6
ANO3	E9PKW2
ANO3	E9PQ79
ANO3	Q9BYT9
ANO4	A0A2R8Y532
ANO4	F8VUH1
ANO4	F8VW62
ANO4	Q32M45
ANO5	A0A346A6F2
ANO5	Q75V66
ANO6	A0A7P0T8Y2
ANO6	A0A7P0TAF4
ANO6	A0A7P0TAW4
ANO6	A0A7P0TBC5
ANO6	A0A7P0TBD5
ANO6	A0A7P0TBI1
ANO6	F8VX71
ANO6	Q4KMQ2
ANO8	M0QYD2
ANO8	Q9HCE9
ANO9	A1A5B4
ANXA4	A0A0U1RRE7
ANXA4	A0A1Y8EKW3
ANXA4	B4E1S2
ANXA4	P09525
ANXA4	Q6LES2
ANXA4	Q6P452
AP2A2	A0A0G2JQA4
AP2A2	A0A0G2JQM1
AP2A2	A0A0G2JQT9
AP2A2	A0A0G2JRF9
AP2A2	A0A0G2JRS3
AP2A2	A0A0G2JS17
AP2A2	A0A0G2JS82
AP2A2	E9PNC4
AP2A2	E9PPY8
AP2A2	E9PPZ3
AP2A2	E9PQP4
AP2A2	E9PR62
AP2A2	E9PS94
AP2A2	H0YDE9
AP2A2	H0YEG0
AP2A2	O94973
AP2M1	A0A087WY71
AP2M1	C9JGT8
AP2M1	C9JJ47
AP2M1	C9JJD3
AP2M1	C9JPV8
AP2M1	C9JTK4
AP2M1	E9PFW3
AP2M1	H7C4C3
AP2M1	Q96CW1
AP3B1	A0A0S2Z4X7
AP3B1	A0A0S2Z4Z4
AP3B1	A0A0S2Z5J4
AP3B1	H0YBD0
AP3B1	L8EA53
AP3B1	O00203
APLP2	A0A024R3N3
APLP2	E9PK76
APLP2	E9PPD0
APLP2	E9PQS3
APLP2	E9PSC7
APLP2	L8E7K0
APLP2	Q06481
APLP2	Q9UED0
APOE	A0A0S2Z3B1
APOE	A0A0S2Z3D5
APOE	A0A0S2Z3J5
APOE	A0A0S2Z3V0
APOE	A0A346DBY2
APOE	D9ZB55
APOE	E7ERP7
APOE	E9PEV4
APOE	H0Y7L5
APOE	J9ZVQ3
APOE	P02649
APOE	Q8TCZ8
APP	A0A0A0MRG2
APP	A0A218KGR2
APP	E9PG40
APP	H7C0V9
APP	H7C2L2
APP	L7XCZ9
APP	L7XE61
APP	L8EC46
APP	P05067
APP	Q9BYY9
ARF6	P62330
ARF6	Q6FH17
ARID1A	A0A087WUV6
ARID1A	A0A0S2Q0B1
ARID1A	A0A1B0GTU5
ARID1A	A0A1B0GVT5
ARID1A	A4FU79
ARID1A	C1KEN7
ARID1A	E9PQW6
ARID1A	H0Y488
ARID1A	H0YCU6
ARID1A	H0YEW5
ARID1A	O14497
ARID1B	A0A1B0GTE8
ARID1B	A0A1B0GTI6
ARID1B	A0A1B0GTJ8
ARID1B	A0A1B0GU09
ARID1B	A0A1B0GU65
ARID1B	A0A1B0GUC6
ARID1B	A0A1B0GUG2
ARID1B	A0A1B0GV63
ARID1B	A0A1B0GV92
ARID1B	A0A1B0GVH0
ARID1B	A0A1B0GVK1
ARID1B	A0A1B0GWI8
ARID1B	A0A1B0GWJ2
ARID1B	A0A3F2YNW7
ARID1B	A0A6I8PTU7
ARID1B	A0A6Q8NVI4
ARID1B	H0Y2R3
ARID1B	H0Y3S9
ARID1B	H0Y7H8
ARID1B	L8EAX2
ARID1B	Q8NFD5
ARL6IP6	H7C0H7
ARL6IP6	H7C192
ARL6IP6	Q8N6S5
ATE1	B3KWA3
ATE1	F5GXE4
ATE1	F8WAC9
ATE1	H0Y5C2
ATE1	O95260
ATF2	A4D7U3
ATF2	A4D7U7
ATF2	A4D7U9
ATF2	A4D7V5
ATF2	B8ZZU6
ATF2	C9JCI8
ATF2	E9PBF9
ATF2	E9PEK8
ATF2	F2Z2K2
ATF2	F5H629
ATF2	H7C2N6
ATF2	P15336
ATP13A1	A0A024R7N2
ATP13A1	A0A024R7P3
ATP13A1	H7C3H2
ATP13A1	Q9HD20
ATP13A3	A0A2R8Y635
ATP13A3	A0A2R8YDN7
ATP13A3	C9JAP7
ATP13A3	H7C1U7
ATP13A3	Q9H7F0
ATP1B1	A3KLL5
ATP1B1	L0R585
ATP1B1	P05026
ATP1B1	Q58I20
ATP1B1	Q6LEU2
ATP1B1	V9GYR2
ATP1B2	I3L1V9
ATP1B2	I3L3J8
ATP1B2	P14415
ATP1B2	Q58I19
ATP2B4	A0A024R968
ATP2B4	A1X4Q1
ATP2B4	A1X4Q2
ATP2B4	A7E2D8
ATP2B4	H0YDG5
ATP2B4	H7BY13
ATP2B4	H7BZS8
ATP2B4	P23634
ATP4B	P51164
ATP5MG	A0A3B3IRW3
ATP5MG	A0A3B3ISE7
ATP5MG	E9PN17
ATP5MG	O75964
ATP6AP1	A0A0C4DGX8
ATP6AP1	A0A7I2V2G3
ATP6AP1	A0A7I2V3T8
ATP6AP1	A0A7I2YQA5
ATP6AP1	A6NLC6
ATP6AP1	A6QRJ1
ATP6AP1	F2Z3L8
ATP6AP1	H7C0T7
ATP6AP1	H7C2Y8
ATP6AP1	Q15904
ATP6V1A	C9JA17
ATP6V1A	C9JVW8
ATP6V1A	F8WDJ3
ATP6V1A	P38606
ATP6V1G1	A0A024R883
ATP6V1G1	A0A7I2V2N1
ATP6V1G1	A0A7I2V375
ATP6V1G1	A0A7I2V3Q6
ATP6V1G1	A0A7I2V4K4
ATP6V1G1	A0A7I2YQH3
ATP6V1G1	O75348
ATRX	A0A067XLH7
ATRX	A0A068A230
ATRX	A0A068A261
ATRX	A0A087WWG0
ATRX	A0A096LNL6
ATRX	A0A096LNL7
ATRX	A0A096LNL9
ATRX	A0A096LNN3
ATRX	A0A096LNR8
ATRX	A0A096LNW1
ATRX	A0A096LNX6
ATRX	A0A096LP59
ATRX	A0A096LPG6
ATRX	A0A6Q8PHA4
ATRX	A4LAA3
ATRX	H0Y3T0
ATRX	L8E6W5
ATRX	L8E8D0
ATRX	P46100
ATRX	Q5H9A3
ATRX	Q5JX93
ATRX	Q86U63
B2M	F5H6I0
B2M	H0YLF3
B2M	J3KNU0
B2M	K7N5M3
B2M	K7N5M4
B2M	P61769
B2M	Q16446
B3GAT2	A0A087WXU9
B3GAT2	Q29RV3
B3GAT2	Q9NPZ5
B4GALNT2	Q8NHY0
BACE1	A0A024R3D5
BACE1	A0A024R3D7
BACE1	A0A024R3E8
BACE1	A0A024R3F9
BACE1	A0A7P0T924
BACE1	A0A7P0TAB4
BACE1	B7Z3Z4
BACE1	E9PJG7
BACE1	P56817
BACE1	Q6YBQ9
BACE1	Q76KP0
BACE1	Q8IYC8
BACE1	U3KPS1
BAG5	A0A024R6M6
BAG5	A8CGI4
BAG5	Q9UL15
BAG6	A0A024RCR6
BAG6	A0A0G2JIA9
BAG6	A0A0G2JIB3
BAG6	A0A0G2JJ92
BAG6	A0A0G2JJM1
BAG6	A0A0G2JJR8
BAG6	A0A0G2JK23
BAG6	A0A0G2JL47
BAG6	A0A1B0GX79
BAG6	A0A7I2V3H1
BAG6	A0A7I2V508
BAG6	A0A7P0MQS5
BAG6	F6S6P2
BAG6	F6TC96
BAG6	F6U1F2
BAG6	F6U341
BAG6	F6UR09
BAG6	F6VEM6
BAG6	F6WML8
BAG6	F6X9W3
BAG6	F6XTU0
BAG6	H0Y4L1
BAG6	H0Y710
BAG6	H0Y759
BAG6	H0Y7K4
BAG6	P46379
BAG6	X6REW1
BCKDK	A0A024QZA9
BCKDK	H3BNP3
BCKDK	H3BQP2
BCKDK	H3BS02
BCKDK	H3BTL2
BCKDK	H3BUV3
BCKDK	O14874
BCS1L	A0A024R445
BCS1L	A0A0S2Z3G6
BCS1L	A0A2R8Y7T3
BCS1L	A8BSR7
BCS1L	C9J1S9
BCS1L	C9J4Q9
BCS1L	C9J8G3
BCS1L	C9JAS4
BCS1L	H7BZF6
BCS1L	H7C492
BCS1L	Q53RT4
BCS1L	Q9Y276
BPTF	A0A0A0MR81
BPTF	A0A2R8Y7Q1
BPTF	E7ETD6
BPTF	E9PE19
BPTF	F5GXF5
BPTF	F5H176
BPTF	J3KSK9
BPTF	J3KSY0
BPTF	J3QLW4
BPTF	J3QQK4
BPTF	J3QQQ8
BPTF	Q12830
BPTF	Q86TN2
BRD2	A0A024RCR5
BRD2	A0A0G2JHL0
BRD2	A0A0G2JHN8
BRD2	A0A0G2JK44
BRD2	A0A140T9E9
BRD2	A0A140T9F7
BRD2	A0A140T9I1
BRD2	A0A140T9V2
BRD2	A0A140T9X8
BRD2	E9PIQ3
BRD2	E9PKQ9
BRD2	H0Y6K2
BRD2	H0Y799
BRD2	H0YDJ7
BRD2	J3QR72
BRD2	P25440
BRD2	U3KPW0
BRD2	U3KQA6
BRD2	X5CF57
BRD4	A0A024R7H8
BRD4	M0QYW0
BRD4	M0QZD9
BRD4	M0R0H4
BRD4	O60885
BRD4	Q05BM2
BRD4	Q5BJ26
BRD4	Q6NXE4
BRD4	Q6PIS5
BRD4	W8JJB1
BTLA	L8EAT9
BTLA	Q400G7
BTLA	Q7Z6A9
BZW2	A0A024RA42
BZW2	B5MCE7
BZW2	B5MCH7
BZW2	C9JF98
BZW2	E7EMS9
BZW2	E7ETZ4
BZW2	E9PFD4
BZW2	E9PFE3
BZW2	F8WDX8
BZW2	Q75MG1
BZW2	Q9Y6E2
C1orf50	D3DPW6
C1orf50	Q9BV19
C20orf27	H7BYU9
C20orf27	Q9GZN8
CABIN1	A0A024R1E5
CABIN1	A0A087WWW8
CABIN1	B5MEB3
CABIN1	C9J068
CABIN1	C9JT60
CABIN1	Q05C66
CABIN1	Q9Y6J0
CACNA2D4	A7E243
CACNA2D4	B4DVU4
CACNA2D4	E7EUE0
CACNA2D4	K7EIY9
CACNA2D4	K7EJY1
CACNA2D4	K7ER25
CACNA2D4	K7ER98
CACNA2D4	Q7Z3S7
CACNA2D4	X6RLU5
CACNA2D4	X6RLY7
CAT	A0A3B3ITJ0
CAT	P04040
CBR1	A8MTM1
CBR1	E9PQ63
CBR1	P16152
CCDC86	H0YG79
CCDC86	Q9H6F5
CCNH	A0A2R8Y4K6
CCNH	A0A2R8YEM2
CCNH	D6RG18
CCNH	D6RHI7
CCNH	P51946
CD300E	C9JDD2
CD300E	Q496F6
CD300LB	A8K4G0
CD300LB	J9JID3
CD300LF	J3KS52
CD300LF	Q8TDQ1
CD300LG	K7EL06
CD300LG	Q6UXG3
CD4	A0A4Y5UGE4
CD4	F5GYA9
CD4	F5H480
CD4	P01730
CD4	Q13969
CD4	Q6LCP8
CD8A	B8ZZZ4
CD8A	P01732
CD8A	Q8TAW8
CD8A	Q96QR6
CDA	P32320
CDA	Q71UE9
CDH1	A0A0E3XJU3
CDH1	A0A0U2ZQU7
CDH1	A0A140HMB1
CDH1	A0A3G2JNR5
CDH1	A0A6C0N5X1
CDH1	A5D8W4
CDH1	B3GN61
CDH1	D3XNU5
CDH1	H3BNC6
CDH1	H3BVI7
CDH1	J3QKP1
CDH1	P12830
CDH17	E5RJT3
CDH17	E7EN24
CDH17	H0YBL0
CDH17	Q12864
CDK5RAP2	A0A0A0MRG9
CDK5RAP2	A0A0C4ZLW1
CDK5RAP2	A6H8X1
CDK5RAP2	B1AMJ5
CDK5RAP2	B7ZLE9
CDK5RAP2	B9EG74
CDK5RAP2	C9K0C9
CDK5RAP2	F8WBJ0
CDK5RAP2	F8WCI3
CDK5RAP2	F8WF55
CDK5RAP2	Q05CZ3
CDK5RAP2	Q5JTU8
CDK5RAP2	Q96SN8
CDK7	A0A0S2Z3F9
CDK7	D6R9G1
CDK7	D6R9Z2
CDK7	D6RAD4
CDK7	D6REC6
CDK7	D6RF14
CDK7	D6RFL0
CDK7	D6RGG9
CDK7	D6RI01
CDK7	D6RIG9
CDK7	P50613
CDKN1A	A0A024RCX5
CDKN1A	P38936
CEACAM8	M0R1X3
CEACAM8	P31997
CEACAM8	Q0Z7S6
CEBPZ	C9J9W7
CEBPZ	Q03701
CENPF	A0A087WTY4
CENPF	P49454
CEP112	F5GYE8
CEP112	J3KSN4
CEP112	J3QL98
CEP112	J3QQV3
CEP112	J3QRD9
CEP112	J3QSA5
CEP112	Q8N8E3
CEP135	Q66GS9
CEP250	A0A087WZ34
CEP250	A6PVI9
CEP250	A6PVJ0
CEP250	E7ETF9
CEP250	E9PHT2
CEP250	G1UI40
CEP250	H0Y5R2
CEP250	H7C0D6
CEP250	H7C0P0
CEP250	Q5JWS5
CEP250	Q5JWS6
CEP250	Q6IPL3
CEP250	Q9BV73
CEP350	A0A024R914
CEP350	A2A4F6
CEP350	E9PIK0
CEP350	H0Y6Q4
CEP350	H0Y7F7
CEP350	H0YD38
CEP350	L8ECF2
CEP350	Q05D72
CEP350	Q5T2X4
CEP350	Q5T2X5
CEP350	Q5VT06
CEP43	A0A087WV25
CEP43	O95684
CEP68	Q05C09
CEP68	Q5HYA6
CEP68	Q76N32
CHMP2A	A0A024R4S0
CHMP2A	M0QXX8
CHMP2A	M0R1L7
CHMP2A	M0R1T5
CHMP2A	O43633
CHMP2B	A0A087WW88
CHMP2B	B2RE76
CHMP2B	C9J0A7
CHMP2B	Q9UQN3
CHPF	A0A024R468
CHPF	F8W6H2
CHPF	Q8IZ52
CHPF2	C9JZF7
CHPF2	G5E9W2
CHPF2	H7C5L5
CHPF2	Q9P2E5
CHRM2	A4D1Q0
CHRM2	P08172
CHRM2	Q6SL56
CHRM2	Q6SL59
CHRM2	Q86SJ1
CHRM2	Q96RH0
CIRBP	D6W5Y5
CIRBP	F6WMK9
CIRBP	K7EIF7
CIRBP	K7EJV1
CIRBP	K7EJV5
CIRBP	K7ELL4
CIRBP	K7ELT6
CIRBP	K7ELV6
CIRBP	K7EMY9
CIRBP	K7ENN6
CIRBP	K7ENX8
CIRBP	K7EPM4
CIRBP	K7EQL0
CIRBP	K7EQR7
CIRBP	K7EQX4
CIRBP	K7ER40
CIRBP	Q14011
CIRBP	Q53XX5
CISD3	P0C7P0
CIT	A0A7I2V2G7
CIT	A0A7I2V365
CIT	A0A7I2V426
CIT	A0A7I2V4A6
CIT	A0A7I2V4H7
CIT	A0A7I2V4I0
CIT	A0A7I2V692
CIT	A0A7I2YQJ8
CIT	F5H4K4
CIT	H0YGG8
CIT	H7BYJ3
CIT	O14578
CLCC1	A0A024R095
CLCC1	A0A024R0G0
CLCC1	A0A6Q8PEZ7
CLCC1	A0A6Q8PF11
CLCC1	A0A6Q8PF97
CLCC1	A0A6Q8PFF7
CLCC1	A0A6Q8PFH1
CLCC1	A0A6Q8PFT6
CLCC1	A0A6Q8PG14
CLCC1	A0A6Q8PG30
CLCC1	A0A6Q8PG68
CLCC1	A0A6Q8PG75
CLCC1	A0A6Q8PGA4
CLCC1	A0A6Q8PHQ1
CLCC1	Q5T1P5
CLCC1	Q96S66
CLIP4	B5MCH3
CLIP4	C9IYE4
CLIP4	E7EW06
CLIP4	E9PBB1
CLIP4	G3XAK3
CLIP4	Q8N3C7
CLTRN	A0A3B3ITM8
CLTRN	Q9HBJ8
CMBL	Q96DG6
CNGA2	Q16280
CNGA4	B4DYQ8
CNGA4	Q8IV77
CNTRL	Q5JVD1
CNTRL	Q5JVD3
CNTRL	Q5JVD5
CNTRL	Q5JVD6
CNTRL	Q7Z7A1
COL6A1	A0A087X0S5
COL6A1	A0A384P5H7
COL6A1	D3DSM7
COL6A1	P12109
COL6A1	Q05BT9
COLGALT1	M0QX72
COLGALT1	M0QYH0
COLGALT1	Q8NBJ5
COMT	A0A1S6YJG6
COMT	A0A286SD53
COMT	A0A4D6GI07
COMT	A0A4D6GI32
COMT	A0A4D6GI39
COMT	A0A4D6GI41
COMT	A0A4D6GI48
COMT	A0A4D6GI63
COMT	A0A4D6GI65
COMT	A0A4D6GI75
COMT	A0A4D6GI82
COMT	A0A4D6GIA3
COMT	A0A4D6GIK3
COMT	A0A4D6GIL3
COMT	A0A4D6GIW7
COMT	A0A4D6GKQ6
COMT	A0A4D6GKX6
COMT	A0A4D6GL01
COMT	A0A4D6GL07
COMT	A0A4D6GL81
COMT	A0A7I2V370
COMT	A0A7I2V3G7
COMT	A3F6Y9
COMT	A3F7Q5
COMT	A3F7Q6
COMT	B8XPJ7
COMT	B8XPJ8
COMT	E7EMS6
COMT	E7EUU8
COMT	F2WW53
COMT	F2WW55
COMT	F8WBW9
COMT	H7BZ45
COMT	P21964
COQ8B	A0A7I2V2R1
COQ8B	A0A7I2V3G8
COQ8B	A0A7I2V3W7
COQ8B	A0A7I2V3Y0
COQ8B	A0A7I2V455
COQ8B	A0A7I2V4T3
COQ8B	A0A7I2V4Z6
COQ8B	A0A7I2V544
COQ8B	A0A7I2V559
COQ8B	A0A7I2V5Z5
COQ8B	M0QZZ2
COQ8B	M0R001
COQ8B	M0R011
COQ8B	M0R0F4
COQ8B	M0R0L2
COQ8B	M0R2F4
COQ8B	M0R307
COQ8B	M0R340
COQ8B	M0R362
COQ8B	M0R3F7
COQ8B	Q96D53
COX4I1	H3BN72
COX4I1	H3BNI5
COX4I1	H3BNV9
COX4I1	H3BPG0
COX4I1	H3BPR4
COX4I1	P13073
COX4I1	Q86WV2
CPSF6	A0A2P1M8Z1
CPSF6	A0A2P1M905
CPSF6	A0A3B3ISW1
CPSF6	F8VNP8
CPSF6	F8W084
CPSF6	F8WJN3
CPSF6	L8E8D6
CPSF6	Q16630
CREBBP	A0A1B0GUU0
CREBBP	B5A210
CREBBP	B5A211
CREBBP	B5A212
CREBBP	B5A213
CREBBP	B5A214
CREBBP	B5A215
CREBBP	B5A216
CREBBP	B5A217
CREBBP	B5A218
CREBBP	B5A219
CREBBP	B5A220
CREBBP	B5A221
CREBBP	B5A222
CREBBP	B5A223
CREBBP	B5A224
CREBBP	B5A225
CREBBP	B5A226
CREBBP	B5A227
CREBBP	B5A228
CREBBP	B5A229
CREBBP	B5A230
CREBBP	B5A231
CREBBP	B5A232
CREBBP	B5A233
CREBBP	B5A234
CREBBP	B5A235
CREBBP	B5A236
CREBBP	B5A237
CREBBP	B5A238
CREBBP	B5A239
CREBBP	B5A240
CREBBP	B5A241
CREBBP	B5A242
CREBBP	B5A243
CREBBP	B5A244
CREBBP	B5A246
CREBBP	B5A248
CREBBP	B5A249
CREBBP	B5A250
CREBBP	B5A252
CREBBP	B5A253
CREBBP	I3L0Q1
CREBBP	I3L293
CREBBP	I3L3I5
CREBBP	I3L466
CREBBP	Q4G0V0
CREBBP	Q92793
CRTC3	H0YK33
CRTC3	H0YK64
CRTC3	Q6UUV7
CSDE1	A0A024R0E2
CSDE1	A0A024R0K2
CSDE1	A0A1Y8EMC9
CSDE1	E9PJK7
CSDE1	E9PKN4
CSDE1	E9PLD4
CSDE1	E9PLT0
CSDE1	E9PNG3
CSDE1	O75534
CSDE1	Q8WU01
CSNK2A2	H3BNI9
CSNK2A2	H3BSA1
CSNK2A2	P19784
CSNK2B	A0A0G2JM12
CSNK2B	A0A0G2JM58
CSNK2B	A0A7I2V500
CSNK2B	A0A7I2YQ78
CSNK2B	A0A7I2YQQ2
CSNK2B	B4DUJ4
CSNK2B	N0E466
CSNK2B	N0E472
CSNK2B	N0E4C7
CSNK2B	N0E638
CSNK2B	N0E644
CSNK2B	N0E650
CSNK2B	N0E6I8
CSNK2B	P67870
CSNK2B	Q5SRQ3
CSNK2B	Q5SRQ6
CST6	Q15828
CST6	Q6IBD2
CSTA	C9J0E4
CSTA	P01040
CSTB	A0A1W2PQG6
CSTB	A0A1W2PS52
CSTB	P04080
CSTB	Q76LA1
CTNNBL1	A0A087WUB9
CTNNBL1	A2A2P1
CTNNBL1	Q8WYA6
CTSA	A0A7I2V2E2
CTSA	A0A7I2V3B2
CTSA	A0A7I2V3M2
CTSA	A0A7I2V4D1
CTSA	A0A7I2V4K5
CTSA	A0A7I2V4Q9
CTSA	A0A7I2V4R8
CTSA	A0A7I2V504
CTSA	A0A7I2YQT8
CTSA	L8E8P5
CTSA	P10619
CTSA	Q5JZH0
CTSA	U3KQ41
CTSA	U3KQF1
CTSA	U3KQU6
CTSA	X6R5C5
CTSA	X6R8A1
CTSL	A0A024R276
CTSL	A0A7I2V2H7
CTSL	A0A7I2V484
CTSL	A0A7I2V5F7
CTSL	A0A7I2V5M3
CTSL	A0A7I2V601
CTSL	A0A7I2YQA2
CTSL	A0A7I2YQB5
CTSL	P07711
CTSL	Q5T8F0
CTSL	Q9HBQ7
CTTN	A0A024R5M3
CTTN	A0A0B6XJY7
CTTN	H0YCD9
CTTN	H0YEV2
CTTN	Q14247
CUL2	A0A0A0MTN0
CUL2	Q13617
CUL2	Q5T2B5
CUL2	Q5T2B7
CWC27	D6REK3
CWC27	Q6UX04
CYB5B	D6RFH4
CYB5B	H3BUX2
CYB5B	J3QR91
CYB5B	O43169
CYB5R3	A0A024R4X0
CYB5R3	B1AHF3
CYB5R3	P00387
DCAF7	A0A087WWI6
DCAF7	P61962
DCAKD	K7ESP4
DCAKD	Q8WVC6
DCTPP1	H3BPN2
DCTPP1	H3BSA6
DCTPP1	Q9H773
DDX10	A0A3B3ISR7
DDX10	E9PIF2
DDX10	Q13206
DDX10	Q86VR6
DDX20	A0A7P0T8G7
DDX20	A0A7P0T9T8
DDX20	A0A7P0TB94
DDX20	A0A7P0TBA6
DDX20	A0A7P0Z4I9
DDX20	A0A7P0Z4K8
DDX20	Q8IYV2
DDX20	Q8NEH0
DDX20	Q8TDR3
DDX20	Q9UHI6
DDX21	Q3SWU7
DDX21	Q9NR30
DDX42	A0A0A0MSJ0
DDX42	J3KRE3
DDX42	J3KRV0
DDX42	J3KTK9
DDX42	J3QRI2
DDX42	Q86XP3
DENR	A0A024RBR3
DENR	F8VVL1
DENR	L8E7I3
DENR	O43583
DHFR	A0A024RAQ3
DHFR	B4DM58
DHFR	P00374
DHRS9	C9J430
DHRS9	Q9BPW9
DIAPH3	Q9NSV4
DNAJC11	B1AK20
DNAJC11	Q5TH61
DNAJC11	Q9NVH1
DNAJC19	A0A0S2Z5X1
DNAJC19	A0A2R8Y817
DNAJC19	A0A2R8Y839
DNAJC19	F2Z3A7
DNAJC19	G5E9V2
DNAJC19	Q96DA6
DNMT1	A0A024R7E3
DNMT1	A0A7I2V2G5
DNMT1	A0A7I2V311
DNMT1	A0A7I2V3F8
DNMT1	A0A7I2V490
DNMT1	A0A7I2V5D0
DNMT1	A0A7I2V5F1
DNMT1	A0A7I2V5F6
DNMT1	A0A7I2YQA8
DNMT1	A0A7I2YQQ0
DNMT1	I6L9H2
DNMT1	K7EIZ6
DNMT1	K7EJL0
DNMT1	K7EKC3
DNMT1	K7ELB1
DNMT1	K7EMU8
DNMT1	K7ENQ6
DNMT1	K7ENW7
DNMT1	K7EP77
DNMT1	K7ER10
DNMT1	K7ERQ1
DNMT1	P26358
DOLK	A0A0S2Z597
DOLK	A0A0S2Z5Y1
DOLK	Q9UPQ8
DPF2	A0A024R582
DPF2	E9PN04
DPF2	H0YEI1
DPF2	J3KMZ8
DPF2	Q92785
DPH5	B3KWP1
DPH5	Q96DC6
DPH5	Q9H2P9
DPP4	A0A7I2V2I2
DPP4	A0A7I2V2R5
DPP4	A0A7I2V2X8
DPP4	A0A7I2V3F5
DPP4	A0A7I2V501
DPP4	A0A7I2V5R8
DPP4	F8WBB6
DPP4	F8WE17
DPP4	P27487
DPY19L1	A0A1B0GW05
DPY19L1	H7C1I8
DPY19L1	H7C3M5
DPY19L1	Q2PZI1
DSCAML1	A0A384DVL8
DSCAML1	E9PP71
DSCAML1	Q8TD84
DYRK1A	A0A2R8Y443
DYRK1A	A0A2R8Y6I6
DYRK1A	A0A2R8Y6L5
DYRK1A	A0A2R8YDF3
DYRK1A	A0A2R8YEY4
DYRK1A	E7EMI5
DYRK1A	N0GVR9
DYRK1A	Q13627
ECSIT	J3KTF5
ECSIT	K7EIK2
ECSIT	K7EJG5
ECSIT	K7EJI1
ECSIT	K7EM98
ECSIT	K7EN32
ECSIT	K7EPL5
ECSIT	K7ESM8
ECSIT	Q9BQ95
EDEM3	H0Y498
EDEM3	Q9BZQ6
EEF2	M0R0I6
EEF2	P13639
EEF2	Q6PK56
EIF2AK4	H0YME5
EIF2AK4	H0YND8
EIF2AK4	H0YNY9
EIF2AK4	Q9P2K8
EIF2D	A0A087WVB6
EIF2D	A0A087X1L6
EIF2D	A0A087X202
EIF2D	P41214
EIF2D	Q5SY38
EIF3A	Q05BS0
EIF3A	Q14152
EIF3A	Q24JU4
EIF3A	Q3B770
EIF3A	Q6P1R0
EIF3A	Q6ZNE1
EIF3A	Q7Z5T5
EIF3B	B4DV79
EIF3B	B4DXN6
EIF3B	C9JQN7
EIF3B	C9JZG1
EIF3B	P55884
EIF3B	Q96G38
EIF3D	A0A0D9SGB5
EIF3D	B0QYA4
EIF3D	B0QYA5
EIF3D	B0QYA6
EIF3D	B0QYA8
EIF3D	B4E1K8
EIF3D	O15371
EIF3L	B0QY89
EIF3L	B0QY90
EIF3L	B3KPB9
EIF3L	B4DQF6
EIF3L	C9JHP4
EIF3L	C9K0Q7
EIF3L	H0Y7E6
EIF3L	H7C133
EIF3L	H7C3A0
EIF3L	Q7Z5X3
EIF3L	Q9Y262
EIF4E2	B4E1E4
EIF4E2	B8ZZ50
EIF4E2	B8ZZL3
EIF4E2	B9A023
EIF4E2	B9A044
EIF4E2	C9JEL3
EIF4E2	H7BZH2
EIF4E2	O60573
EIF4H	A0A7I2V385
EIF4H	A0A7I2V3D5
EIF4H	A0A7I2V3E4
EIF4H	A0A7I2V4E4
EIF4H	A0A7I2V4V9
EIF4H	Q15056
ELOB	A0A0B4J296
ELOB	B8ZZU8
ELOB	I3L0M9
ELOB	Q15370
ELOC	E5RHG8
ELOC	Q15369
ELOC	R4GMY8
EMC1	A0A286YEW0
EMC1	H7C4E3
EMC1	H7C5A2
EMC1	Q5TG59
EMC1	Q8N766
EMSY	E9PMC9
EMSY	E9PPE6
EMSY	H0YCS3
EMSY	H0YDI4
EMSY	H0YEP9
EMSY	H0YET8
EMSY	Q7Z589
EP300	A0A0U1RR87
EP300	A0A669KB12
EP300	Q09472
EP300	Q7Z6C1
ERC1	G8JLD3
ERC1	K7EIZ7
ERC1	K7EKH8
ERC1	K7EP25
ERC1	K7EPD6
ERC1	K7EPP6
ERC1	Q8IUD2
ERC1	X6RLX0
ERC1	X6RM00
ERCC2	A0A1B1PFW1
ERCC2	A8MX75
ERCC2	B4E0F6
ERCC2	E7EVE9
ERCC2	K7EIT8
ERCC2	K7EKF3
ERCC2	K7ENL1
ERCC2	P18074
ERCC2	Q2TB79
ERCC3	A0A2R8Y4R8
ERCC3	A0A2R8Y5H0
ERCC3	A0A2R8Y5L2
ERCC3	A0A2R8Y681
ERCC3	A0A2R8Y6W8
ERCC3	A0A2R8Y762
ERCC3	A0A2R8YES7
ERCC3	A0A2R8YFS3
ERCC3	F2Z2V4
ERCC3	G3V1S1
ERCC3	H7C309
ERCC3	P19447
ERGIC1	A0A1B0GTQ3
ERGIC1	F2Z2P5
ERGIC1	F2Z2U2
ERGIC1	F2Z3Q5
ERGIC1	H0YAV2
ERGIC1	Q969X5
ERLEC1	Q96DZ1
ERMP1	A0A0C4DGF0
ERMP1	E7ER77
ERMP1	Q7Z2K6
ERO1B	Q5T1H5
ERO1B	Q5TAE8
ERO1B	Q86YB8
ERP44	L8EAR9
ERP44	Q9BS26
ETFA	A0A0S2Z3L0
ETFA	A0A0S2Z3M4
ETFA	H0YK49
ETFA	H0YKF0
ETFA	H0YL12
ETFA	H0YL83
ETFA	H0YLU7
ETFA	H0YM12
ETFA	H0YMU8
ETFA	H0YNX6
ETFA	H3BV91
ETFA	J3KN60
ETFA	P13804
ETFB	M0QY67
ETFB	P38117
EXOSC2	A2VCR1
EXOSC2	A3KFL1
EXOSC2	A3KFL2
EXOSC2	A3KFL5
EXOSC2	Q13868
EXOSC3	A0A7I2V328
EXOSC3	Q9NQT5
EXOSC5	M0R050
EXOSC5	M0R102
EXOSC5	M0R289
EXOSC5	Q9NQT4
EXOSC8	H7C581
EXOSC8	H7C5Z2
EXOSC8	Q96B26
EZR	E7EQR4
EZR	P15311
EZR	Q6NUR7
F2RL1	D6RJH3
F2RL1	P55085
FABP1	A8MW49
FABP1	P07148
FABP1	Q05CP7
FABP1	Q6FGL7
FAM162A	E9PH05
FAM162A	F8W7Q4
FAM162A	Q96A26
FAM8A1	A0A024R006
FAM8A1	Q9UBU6
FAM98A	C9J3G8
FAM98A	E9PH82
FAM98A	I6L9E8
FAM98A	Q05CT2
FAM98A	Q8NCA5
FAR2	F8VPF2
FAR2	F8VX60
FAR2	H0YHP1
FAR2	H0YIE0
FAR2	Q96K12
FASTKD5	Q7L8L6
FBLN5	A0A024R6G3
FBLN5	G3V2P8
FBLN5	G3V329
FBLN5	G3V3Y2
FBLN5	G3V4U0
FBLN5	G3XA98
FBLN5	Q9UBX5
FBN1	A0A1B1PFX5
FBN1	A0A6I8PL22
FBN1	F6U495
FBN1	H0YN80
FBN1	H0YND0
FBN1	L8E6V0
FBN1	L8E775
FBN1	P35555
FBN1	Q75N88
FBN1	Q75N89
FBN2	A0A6B9XMH6
FBN2	A0A6B9XP50
FBN2	D6REJ2
FBN2	D6RJI3
FBN2	E9PHW4
FBN2	L8E7B8
FBN2	L8E8V5
FBN2	P35556
FBXL12	K7EIK3
FBXL12	K7EIR3
FBXL12	K7EK37
FBXL12	K7ELM5
FBXL12	K7EPN7
FBXL12	K7EPT3
FBXL12	K7EQJ7
FBXL12	K7EQY7
FBXL12	K7ESL6
FBXL12	L8E9B2
FBXL12	Q9NXK8
FCAMR	A0A0B4J1S2
FCAMR	F8W7R9
FCAMR	Q8WWV6
FCGR1B	A0A087WUG7
FCGR1B	A0A087WVS4
FCGR1B	A0A087WXZ6
FCGR1B	A0A0A0MRM3
FCGR1B	Q92637
FKBP10	A0A024R1W3
FKBP10	C9JPC3
FKBP10	H0Y827
FKBP10	K7ELI6
FKBP10	K7EM43
FKBP10	K7ESG6
FKBP10	Q96AY3
FKBP15	Q5T1M5
FKBP7	D3DPF8
FKBP7	F8WBF2
FKBP7	F8WCU2
FKBP7	H7BZJ4
FKBP7	Q9Y680
FLT1	A0A1W2PNW4
FLT1	B1AC84
FLT1	H9N1E7
FLT1	H9N1E8
FLT1	L7RSL3
FLT1	P17948
FLT1	V9Q458
FLT1	V9Q5H8
FLT1	X2C8T1
FLT1	X2CBY1
FLT1	X2QEJ0
FLT1	X2QIK8
FLT3	A0A4P8K7E7
FLT3	A0A6G6D045
FLT3	A0A6G6D048
FLT3	A0A6G6D079
FLT3	A0A6G6D0I3
FLT3	E7ER61
FLT3	P36888
FN3KRP	A0A140VK84
FN3KRP	I3L139
FN3KRP	I3L2G3
FN3KRP	I3L2K8
FN3KRP	I3L378
FN3KRP	I3L3W5
FN3KRP	I3L407
FN3KRP	Q6FIG5
FN3KRP	Q9HA64
FOXRED2	B0QYA2
FOXRED2	Q8IWF2
FYCO1	C9J2W6
FYCO1	H7BZ74
FYCO1	L8E8T2
FYCO1	Q9BQS8
G3BP1	A0A7I2V274
G3BP1	A0A7I2V2S5
G3BP1	A0A7I2V2V1
G3BP1	A0A7I2V2X7
G3BP1	A0A7I2V326
G3BP1	A0A7I2V3C4
G3BP1	A0A7I2V3V2
G3BP1	A0A7I2V3Y4
G3BP1	A0A7I2V494
G3BP1	A0A7I2V496
G3BP1	A0A7I2V4D8
G3BP1	A0A7I2V4Y8
G3BP1	A0A7I2V533
G3BP1	A0A7I2V548
G3BP1	A0A7I2V565
G3BP1	A0A7I2V5H1
G3BP1	A0A7I2V5M7
G3BP1	A0A7I2V651
G3BP1	A0A7I2YQB1
G3BP1	A0A7I2YQC2
G3BP1	A0A7I2YQF2
G3BP1	A0A7I2YQH0
G3BP1	A0A7I2YQM1
G3BP1	A0A7I2YQN9
G3BP1	A0A7I2YQP3
G3BP1	A0A7I2YQQ8
G3BP1	A0A7I2YQR4
G3BP1	A0A7I2YQU8
G3BP1	A0A7P0P2U7
G3BP1	E5RH00
G3BP1	E5RH42
G3BP1	E5RI46
G3BP1	E5RIF8
G3BP1	E5RJU8
G3BP1	Q13283
G3BP1	Q32P45
G3BP2	A0A024RDB2
G3BP2	A0A024RDE5
G3BP2	A0A7I2V2R0
G3BP2	A0A7I2V382
G3BP2	A0A7I2V3E2
G3BP2	A0A7I2V3I4
G3BP2	A0A7I2V3P9
G3BP2	A0A7I2V3R7
G3BP2	A0A7I2V3Z6
G3BP2	A0A7I2V481
G3BP2	A0A7I2V513
G3BP2	A0A7I2V547
G3BP2	A0A7I2V572
G3BP2	A0A7I2V647
G3BP2	A0A7I2YQD9
G3BP2	A0A7I2YQG8
G3BP2	A0A7I2YQL7
G3BP2	A0A7I2YQS2
G3BP2	D6R9A4
G3BP2	D6RAC7
G3BP2	D6RB17
G3BP2	D6RBR0
G3BP2	D6RBW8
G3BP2	D6RE13
G3BP2	D6RGJ4
G3BP2	H0YAE3
G3BP2	Q9UN86
GALNT13	A0A1L4BJ91
GALNT13	A0A1L4BJA6
GALNT13	A0A1L4BJA8
GALNT13	A0A1L4BJA9
GALNT13	A0A1L4BJB0
GALNT13	A0A1L4BJB1
GALNT13	A0A1L4BJC0
GALNT13	C9JLI4
GALNT13	H7BZG2
GALNT13	H7BZU4
GALNT13	H7C0T6
GALNT13	H7C2I5
GALNT13	L8ECM1
GALNT13	Q68VJ0
GALNT13	Q8IUC8
GALNT13	X5DRI3
GALNT16	Q68VJ8
GALNT16	Q8N428
GALNT17	A0A087WV18
GALNT17	H7BZX9
GALNT17	Q6IS24
GALNT18	Q6P9A2
GALNT5	A5PL16
GALNT5	Q68VJ5
GALNT5	Q7Z7M9
GALNT9	B2RXG6
GALNT9	F5H317
GALNT9	F5H557
GALNT9	H3BM10
GALNT9	J3KNN1
GALNT9	Q68VJ2
GALNT9	Q9HCQ5
GALNTL5	D3DX14
GALNTL5	Q7Z4T8
GALNTL6	A0A087X115
GALNTL6	D6RCP4
GALNTL6	I6L9C1
GALNTL6	Q49A17
GBGT1	A0A2R8Y4A7
GBGT1	A0A2R8YGC1
GBGT1	J7PW20
GBGT1	J7Q0Z1
GBGT1	J7Q1C6
GBGT1	J7Q261
GBGT1	J7Q2I4
GBGT1	Q5T7U8
GBGT1	Q5T7V0
GBGT1	Q8N5D6
GCC1	A4D0Z4
GCC1	Q96CN9
GCC2	A0PJA5
GCC2	B8ZZA5
GCC2	B8ZZW2
GCC2	D3DX70
GCC2	H7BYJ9
GCC2	H7C010
GCC2	Q8IWJ2
GCC2	U3KPU4
GCC2	U3KQE0
GDF15	A0A0A0MTT8
GDF15	Q99988
GEMIN2	A0A3B3IU42
GEMIN2	G5EA29
GEMIN2	H0YCF4
GEMIN2	H0YDP6
GEMIN2	H0YEL0
GEMIN2	O14893
GEMIN2	S4R421
GEMIN5	B7ZLC9
GEMIN5	L8E9U3
GEMIN5	L8ECG2
GEMIN5	Q58EZ8
GEMIN5	Q8TEQ6
GEMIN6	B8ZZ85
GEMIN6	B9A037
GEMIN6	Q8WXD5
GEMIN7	Q9H840
GEMIN8	H7BYE2
GEMIN8	Q9NWZ8
GFER	H3BQQ4
GFER	H3BRD2
GFER	H3BRW3
GFER	P55789
GGCX	A7YA96
GGCX	F8WB98
GGCX	F8WCF0
GGCX	F8WDU9
GGCX	P38435
GGH	A0A7I2V431
GGH	A0A7I2V5M0
GGH	A0A7I2V5P2
GGH	A0A7I2V5X9
GGH	A0A7I2YQQ3
GGH	Q92820
GHITM	Q6FIA7
GHITM	Q9H3K2
GHSR	A2T3X1
GHSR	Q92847
GIGYF2	A0A7I2V361
GIGYF2	A0A7I2V3H0
GIGYF2	A0A7I2V3H7
GIGYF2	A0A7I2V3X3
GIGYF2	A0A7I2V516
GIGYF2	A0A7I2YQP8
GIGYF2	C9J0V6
GIGYF2	C9JC65
GIGYF2	C9JHT0
GIGYF2	C9JHW1
GIGYF2	C9JPV7
GIGYF2	C9JRZ2
GIGYF2	C9JW88
GIGYF2	C9JXQ0
GIGYF2	E7ESB6
GIGYF2	F8WBF1
GIGYF2	F8WCD5
GIGYF2	I1E4Y6
GIGYF2	Q6Y7W6
GLA	A0A0S3Q2A7
GLA	A0A3B3IRU3
GLA	A0A3B3IUC4
GLA	A0A669KAY7
GLA	A0A669KB83
GLA	A0A6Q8PFA9
GLA	A0A6Q8PGG0
GLA	A0A6Q8PHD1
GLA	A0A6Q8PHM8
GLA	P06280
GLA	Q53Y83
GLA	V9GYN5
GNB1	A0A140VJJ8
GNB1	A0A2L0WW42
GNB1	B1AKQ8
GNB1	B3KVK2
GNB1	F6UT28
GNB1	F6X3N5
GNB1	L8E8V9
GNB1	P62873
GNG5	P63218
GNPDA1	D6R917
GNPDA1	D6R9P4
GNPDA1	D6RAY7
GNPDA1	D6RB13
GNPDA1	D6RFF8
GNPDA1	D6RFK5
GNPDA1	P46926
GOLGA2	A0A087WYC0
GOLGA2	A0A1W2PQY5
GOLGA2	A0A6Q8KRG2
GOLGA2	B7ZC06
GOLGA2	H0Y7B8
GOLGA2	Q08379
GOLGA2	Q5PXD5
GOLGA2	R4GND7
GOLGA3	A0A087WV43
GOLGA3	A0A494C129
GOLGA3	Q08378
GOLGA7	Q7Z5G4
GOLGB1	C9J8Q0
GOLGB1	E7EU81
GOLGB1	F8WF12
GOLGB1	H0Y867
GOLGB1	H7C5I7
GOLGB1	Q14789
GOLGB1	Q6PG47
GORASP1	A0A024R2U5
GORASP1	B3KPY8
GORASP1	B4E1H8
GORASP1	C9J0V5
GORASP1	C9J5S6
GORASP1	C9J9V9
GORASP1	G3V0G1
GORASP1	H7C0J2
GORASP1	Q9BQQ3
GP6	K7EIW7
GP6	Q9HCN6
GPAA1	D3DWL1
GPAA1	E9PLG8
GPAA1	E9PLV6
GPAA1	E9PM11
GPAA1	E9PM94
GPAA1	E9PPZ9
GPAA1	E9PQ31
GPAA1	O43292
GPR64	A0A024RC03
GPR64	Q14CE1
GPR64	Q499H0
GPX1	A0A024R2T1
GPX1	A0A2R8Y6B6
GPX1	A0A7I2UQ36
GPX1	A0A7I2YMD7
GPX1	P07203
GPX1	Q6NSD4
GPX1	Q7L4Q3
GPX1	X5D926
GPX1	X5DQZ7
GRB2	B0LPF3
GRB2	J3KT38
GRB2	J3QLF6
GRB2	J3QRL5
GRB2	P62993
GRB2	Q6ICN0
GRIPAP1	A0A087WT45
GRIPAP1	A0A087WV84
GRIPAP1	A0A087WW92
GRIPAP1	A0A087WWF2
GRIPAP1	A0A087WXA6
GRIPAP1	A0A087WZF5
GRIPAP1	Q4V328
GRPEL1	Q9HAV7
GSTP1	A0A087X243
GSTP1	A0A087X2E9
GSTP1	A0A0M4UT83
GSTP1	A0A0M5MRY8
GSTP1	A0A2P1FDF0
GSTP1	A0A2R8Y5E5
GSTP1	A0A3B6XSH2
GSTP1	A8MX94
GSTP1	B2C310
GSTP1	C7DJS1
GSTP1	C7DJS2
GSTP1	P09211
GSTP1	Q5D6A5
GTF2F2	A0A024RDU9
GTF2F2	P13984
GTF2H2	D6RAW1
GTF2H2	D6RGC9
GTF2H2	Q13888
GTF2H2	R4GMS9
GTF2H2	R4GMV2
GTF2H3	A0A087WYD5
GTF2H3	F5GWD3
GTF2H3	F5GX35
GTF2H3	F5GXG6
GTF2H3	F5H3G1
GTF2H3	F5H4K7
GTF2H3	F5H6X0
GTF2H3	H0YFF7
GTF2H3	Q13889
GTF2H4	A0A0G2JHJ2
GTF2H4	Q92759
GZF1	Q5JXG1
GZF1	Q9H116
H3F3B	B2R4P9
HAS3	C0KZD9
HAS3	H3BRH5
HAS3	O00219
HAS3	Q96RV2
HAT1	F8W9G7
HAT1	F8WEW1
HAT1	O14929
HAVCR2	E5RFR4
HAVCR2	E5RHN3
HAVCR2	Q8TDQ0
HDAC2	A0A7R6V290
HDAC2	B5MGH3
HDAC2	E5RFI6
HDAC2	E5RFP9
HDAC2	E5RG37
HDAC2	E5RGV4
HDAC2	E5RH52
HDAC2	E5RHE7
HDAC2	E5RJ04
HDAC2	E5RK19
HDAC2	H3BM24
HDAC2	Q92769
HEATR3	Q7Z4Q2
HECTD1	A0A087WVU6
HECTD1	A0A087X2H1
HECTD1	G3V4V5
HECTD1	H0YJ72
HECTD1	H0YJD4
HECTD1	H0YJP0
HECTD1	H0YJV8
HECTD1	Q5XJ19
HECTD1	Q9BRJ0
HECTD1	Q9ULT8
HINT1	A0A384NPU2
HINT1	A0A6Q8PGQ8
HINT1	D6RC06
HINT1	D6RD60
HINT1	D6RE99
HINT1	D6REP8
HINT1	H0YC49
HINT1	P49773
HIRA	H7C2A7
HIRA	P54198
HIST1H1E	A3R0T8
HIST1H1E	Q4VB24
HLA-DQB2	A0A0G2JH31
HLA-DQB2	A0A140T999
HLA-DQB2	A0A140T9B0
HLA-DQB2	A0A140T9F0
HLA-DQB2	A0A140T9H0
HLA-DQB2	A0A140T9J1
HLA-DQB2	A0A140T9S2
HLA-DQB2	A0A140T9U9
HLA-DQB2	A0A2H4Z4R5
HLA-DQB2	A0A2H4Z4T8
HLA-DQB2	A0A2H4Z4T9
HLA-DQB2	A0A345F7E9
HLA-DQB2	A2ADX3
HLA-DQB2	H0Y7Y7
HLA-DQB2	I7H125
HLA-DQB2	P05538
HLA-DQB2	Q5SQ91
HLA-DQB2	Q5SR05
HMGB1	A0A024RDR0
HMGB1	A0A286R9D9
HMGB1	A0A286R9F1
HMGB1	P09429
HMGB1	Q5T7C4
HMGXB4	B0QXZ8
HMGXB4	B0QXZ9
HMGXB4	F8WDU7
HMGXB4	Q2M3X1
HMGXB4	Q2T9L2
HMGXB4	Q6P681
HMGXB4	Q6PJ09
HMGXB4	Q6PJC1
HMGXB4	Q7Z641
HMGXB4	Q9UGU5
HMOX1	A0A7I2V277
HMOX1	A0A7I2V3I1
HMOX1	A0A7I2V3M0
HMOX1	A0A7I2YQL9
HMOX1	B1AHA8
HMOX1	D2K7W4
HMOX1	F2YMD9
HMOX1	P09601
HMOX1	Q6FH11
HMOX1	Q96DI8
HOOK1	A0A2H4PWH9
HOOK1	B1AK95
HOOK1	Q32Q39
HOOK1	Q9UJC3
HS2ST1	K7EP71
HS2ST1	Q7LGA3
HS3ST5	Q8IZT8
HS6ST2	A0A1W2PQ14
HS6ST2	Q96MM7
HSBP1	H3BR28
HSBP1	O75506
HSPA4	A0A087WTS8
HSPA4	A0A087WYC1
HSPA4	P34932
HSPE1	A0A024R3X7
HSPE1	B8ZZ54
HSPE1	B8ZZL8
HSPE1	P61604
HYOU1	A0A024R3G0
HYOU1	A0A087WW13
HYOU1	A0A087WWI4
HYOU1	A0A087X054
HYOU1	A0A087X214
HYOU1	A0A494C039
HYOU1	E9PJ21
HYOU1	J3KSR2
HYOU1	J3KTF1
HYOU1	J3QL06
HYOU1	J3QLE9
HYOU1	J3QQH7
HYOU1	K7EQK2
HYOU1	Q05D91
HYOU1	Q6IN67
HYOU1	Q9BST8
HYOU1	Q9Y4L1
IARS1	A0A0A0MSX9
IARS1	A0A0D9SFC1
IARS1	J3KR24
IARS1	P41252
IARS1	Q5TCC9
ICAM4	A0A6N3IR55
ICAM4	Q14773
ICAM4	U5U3F7
ICAM4	U5U6J5
ICAM4	U5U6J9
ICAM4	U5U6P3
ICAM4	U5U6P8
IDE	A0A3B3ISG5
IDE	A0A7I2V2P6
IDE	A0A7I2V2S1
IDE	A0A7I2V373
IDE	A0A7I2V3E3
IDE	A0A7I2V3K9
IDE	A0A7I2V4A4
IDE	A0A7I2V4Q3
IDE	A0A7I2V610
IDE	A0A7I2V612
IDE	A0A7I2V634
IDE	A0A7I2YQS6
IDE	A0A7I2YQV5
IDE	B3KSB8
IDE	P14735
IDE	R4GN65
IDH1	A0A024R3Y6
IDH1	C9J4N6
IDH1	C9JJE5
IDH1	C9JLU6
IDH1	O75874
IDH1	Q0QER2
IDH1	Q6FI37
IDH1	Q6FIA4
IDH1	Q9H302
IFNLR1	Q5VTX9
IFNLR1	Q8IU57
IGHA2	A0A0G2JMB2
IGHA2	A0A286YEY5
IGHA2	P01877
IGKV3-20	P01619
IL11RA	G3V2A5
IL11RA	G3V2G0
IL11RA	G3V2J5
IL11RA	G3V3V2
IL11RA	G3V428
IL11RA	G3V571
IL11RA	H0YCS8
IL11RA	Q14626
IL12RB1	M0QX06
IL12RB1	M0R382
IL12RB1	P42701
IL12RB1	X6RGM1
IL17RA	Q96F46
IL18R1	A0A089VIW4
IL18R1	A0A089VKP9
IL18R1	B7ZKV7
IL18R1	Q13478
IL18R1	Q86YL8
IL18RAP	C9JLE2
IL18RAP	O95256
IL1RL1	A8VPW9
IL1RL1	A8VPX0
IL1RL1	C9JSY6
IL1RL1	E9PC41
IL1RL1	Q01638
IL20RB	F8WAV8
IL20RB	F8WC67
IL20RB	H7C5S5
IL20RB	Q6UXL0
IL22RA2	Q969J5
IL31RA	A0A0C4DGU4
IL31RA	A0A494BZY2
IL31RA	A0A494C190
IL31RA	A0A499FJ31
IL31RA	Q8NI17
IMPDH2	A0A7I2V2T3
IMPDH2	A0A7I2V337
IMPDH2	A0A7I2V5N6
IMPDH2	A0A7I2YQK5
IMPDH2	E7ETK5
IMPDH2	H0Y4R1
IMPDH2	P12268
IMPDH2	Q6QE17
IMPDH2	Q6RUP8
IMPDH2	Q6RUP9
INHBE	F8VNP4
INHBE	P58166
INSL4	Q14641
INTS4	E9PIM3
INTS4	F8WAA7
INTS4	Q96HW7
INTS6	A0A024RDU0
INTS6	B3KQH5
INTS6	C9J885
INTS6	C9JAV7
INTS6	C9JVX2
INTS6	C9JXP6
INTS6	C9K0V7
INTS6	F8WAV7
INTS6	G5E9X1
INTS6	Q9UL03
ISG15	A0A096LNZ9
ISG15	A0A096LPJ4
ISG15	P05161
ITGA11	Q9UKX5
ITGAD	Q13349
ITGB1	A0A7I2V2F9
ITGB1	A0A7I2V2T4
ITGB1	A0A7I2V348
ITGB1	A0A7I2V5T3
ITGB1	A0A7I2V5Z8
ITGB1	C9JNE0
ITGB1	C9JPK5
ITGB1	E7EQW5
ITGB1	E7EUI6
ITGB1	E9PLR6
ITGB1	E9PQJ2
ITGB1	H7C4K3
ITGB1	H7C4N8
ITGB1	P05556
ITGB1	Q5T3E4
ITGB1	Q5T3E5
ITGB1	Q5T3E6
JAKMIP1	A0A1B0GUE0
JAKMIP1	F2Z2K5
JAKMIP1	Q96N16
JAML	A0A1W2PRS4
JAML	E9PJJ4
JAML	E9PKK2
JAML	E9PLF9
JAML	E9PNS8
JAML	E9PR26
JAML	Q86YT9
JMJD6	A0A0S2PZM4
JMJD6	B2WTI3
JMJD6	B2WTI4
JMJD6	K7EJU9
JMJD6	Q6NYC1
JUP	A0A024R1X8
JUP	A0A0S2Z487
JUP	A0A0S2Z495
JUP	C9J826
JUP	C9JK18
JUP	C9JKY1
JUP	C9JPI2
JUP	C9JTX4
JUP	K7ERP3
JUP	L8EAA6
JUP	P14923
KAT14	A0A075B6H4
KAT14	A0A7I2V3N1
KAT14	A0A7I2V456
KAT14	A0A7I2V574
KAT14	D6RAU4
KAT14	Q9H8E8
KAT2A	K7EPC4
KAT2A	K7ERS6
KAT2A	Q92830
KAT2B	Q92831
KAT5	E9PJI1
KAT5	E9PMG8
KAT5	E9PRL6
KAT5	E9PRM3
KAT5	E9PRS1
KAT5	H0YEG3
KAT5	H0YEP0
KAT5	Q92993
KAT6A	A0A3B3IS53
KAT6A	A0A3B3ISU5
KAT6A	A0A3B3ISZ3
KAT6A	A0A3B3ITI3
KAT6A	A0A3F2YNX6
KAT6A	A5PLL3
KAT6A	C9JJY6
KAT6A	Q92794
KAT6B	A0A3B3IRI4
KAT6B	A0A3B3IRN9
KAT6B	A0A3B3IRV4
KAT6B	A0A3B3IS73
KAT6B	A0A3B3ISD0
KAT6B	A0A3B3ISD5
KAT6B	A0A3B3ISF5
KAT6B	A0A3B3ISI1
KAT6B	A0A3B3ISW3
KAT6B	A0A3B3ISX5
KAT6B	A0A3B3IT19
KAT6B	A0A3B3IT63
KAT6B	A0A3B3ITA4
KAT6B	A0A3B3ITC3
KAT6B	A0A3B3ITI0
KAT6B	A0A3B3ITP3
KAT6B	A0A3B3ITV5
KAT6B	A0A3B3IU70
KAT6B	A0A3B3IU71
KAT6B	A0A3B3IU93
KAT6B	A0A3B3IUA4
KAT6B	Q8WYB5
KAT7	A0A6Q8PHH2
KAT7	D6RFZ5
KAT7	E7EUP3
KAT7	O95251
KAT8	A0A494C0I2
KAT8	H3BMX5
KAT8	Q9H7Z6
KCNG4	Q32MC1
KCNG4	Q547S7
KCNG4	Q8TDN1
KDM6A	A0A087WUN6
KDM6A	A0A087X0R0
KDM6A	A0A6Q8PFD0
KDM6A	A0A6Q8PFK0
KDM6A	A0A6Q8PG32
KDM6A	A0A6Q8PG92
KDM6A	A0A6Q8PGG6
KDM6A	A0A6Q8PGN0
KDM6A	A0A6Q8PH94
KDM6A	A0A6Q8PHB6
KDM6A	A0A6Q8PHJ0
KDM6A	F5H5V6
KDM6A	F5H6S1
KDM6A	F8W8R6
KDM6A	H0Y6I7
KDM6A	H0Y6V5
KDM6A	O15550
KIR3DL2	A0A0G2JLM7
KIR3DL2	A0A0G2JLP2
KIR3DL2	A0A0G2JLU7
KIR3DL2	A0A0G2JLX7
KIR3DL2	A0A0G2JLZ4
KIR3DL2	A0A0G2JM36
KIR3DL2	A0A0G2JM59
KIR3DL2	A0A0G2JMA3
KIR3DL2	A0A0G2JMI1
KIR3DL2	A0A0G2JMS0
KIR3DL2	A0A0G2JMW7
KIR3DL2	A0A0G2JN45
KIR3DL2	A0A0G2JNA1
KIR3DL2	A0A0G2JNN5
KIR3DL2	A0A0G2JP59
KIR3DL2	A0A0G2JP67
KIR3DL2	A0A0G2JP93
KIR3DL2	A0A0G2JPA6
KIR3DL2	A0A0G2JPL0
KIR3DL2	A0A0G2JPQ5
KIR3DL2	A0A0U1V1E4
KIR3DL2	A0A0U1V1E6
KIR3DL2	A0A0U1V1E8
KIR3DL2	A0A0U1V1F2
KIR3DL2	A0A0U1V1F4
KIR3DL2	A0A0U1WN03
KIR3DL2	A0A0U1WN22
KIR3DL2	A0A0U1WN23
KIR3DL2	A0A0U1WN28
KIR3DL2	A0A0U1WN35
KIR3DL2	A0A0U1WN38
KIR3DL2	A0A0U1WN45
KIR3DL2	A0A0U1WN50
KIR3DL2	A0A0U1WN54
KIR3DL2	A0A0U1WNF1
KIR3DL2	A0A0U1WNF2
KIR3DL2	A0A0U1WNF3
KIR3DL2	A0A0U1WNF4
KIR3DL2	A0A0U1WNF5
KIR3DL2	A0A0U1WNF6
KIR3DL2	A0A0U1WNF7
KIR3DL2	A0A0U1WNF9
KIR3DL2	A0A0U4YTB3
KIR3DL2	A0A0U4YTC8
KIR3DL2	A0A0U5BZT5
KIR3DL2	A0A0U5BZX3
KIR3DL2	A0A0U5C0C5
KIR3DL2	A0A0U5FL38
KIR3DL2	A0A0U5FL96
KIR3DL2	A0A0U5FLC8
KIR3DL2	A0A0U5FLD8
KIR3DL2	A0A0U5FLQ7
KIR3DL2	A0A0U5FLS4
KIR3DL2	A0A0U5FM20
KIR3DL2	A0A0U5FNF5
KIR3DL2	A0A0U5FT04
KIR3DL2	A0A0U5GHC2
KIR3DL2	A0A0U5GHD6
KIR3DL2	A0A110BGM1
KIR3DL2	A0A110BGN2
KIR3DL2	A0A110BGU4
KIR3DL2	A0A110BGW5
KIR3DL2	A0A110BHB9
KIR3DL2	A0A110BHC2
KIR3DL2	A0A110BIP7
KIR3DL2	A0A110BIP9
KIR3DL2	A0A110BIQ8
KIR3DL2	A0A110BIQ9
KIR3DL2	A0A120N5Z5
KIR3DL2	A0A120N5Z6
KIR3DL2	A0A120N617
KIR3DL2	A0A120N654
KIR3DL2	A0A142DV42
KIR3DL2	A0A191URK3
KIR3DL2	A0A1W2PP69
KIR3DL2	A0A1W2PPV3
KIR3DL2	A0A1W2PQJ3
KIR3DL2	A0A223PQH3
KIR3DL2	A0A223PQI2
KIR3DL2	A0A2I2JL18
KIR3DL2	A0A2R4FYM5
KIR3DL2	A0A376A8T7
KIR3DL2	A0A376A8V5
KIR3DL2	A0A376A939
KIR3DL2	A0A376A965
KIR3DL2	A0A5J6VMA2
KIR3DL2	A0A5J6VML4
KIR3DL2	A0A6G6CYU7
KIR3DL2	A0A7D4XV53
KIR3DL2	A0A7D4XVD2
KIR3DL2	A0A7D4XZ80
KIR3DL2	A0A7D5BT22
KIR3DL2	A0A7D5BT33
KIR3DL2	A0A7D5BV11
KIR3DL2	A0A7D5BW90
KIR3DL2	A0A7D5C6G1
KIR3DL2	A7YL09
KIR3DL2	A7YL10
KIR3DL2	A7YL11
KIR3DL2	A7YL12
KIR3DL2	A7YL13
KIR3DL2	A7YL14
KIR3DL2	E4W3U3
KIR3DL2	E4W3U4
KIR3DL2	E4W3U5
KIR3DL2	E4W3U6
KIR3DL2	E4W3U7
KIR3DL2	E4W3U8
KIR3DL2	E4W3V0
KIR3DL2	E4W3V1
KIR3DL2	E4W3V2
KIR3DL2	E4W3V3
KIR3DL2	E4W3V4
KIR3DL2	E4W3V5
KIR3DL2	E4W3V6
KIR3DL2	E4W3V7
KIR3DL2	E4W3V8
KIR3DL2	E4W3V9
KIR3DL2	E4W3W0
KIR3DL2	E4W3W1
KIR3DL2	E7BWR2
KIR3DL2	E7BWR3
KIR3DL2	E7BWR4
KIR3DL2	E7BWR5
KIR3DL2	E7BWR6
KIR3DL2	E7BWR7
KIR3DL2	K7R1S8
KIR3DL2	K7R1T8
KIR3DL2	P43630
KIR3DL2	Q32WD0
KIR3DL2	Q32WD1
KIR3DL2	Q32WD2
KIR3DL2	Q6H2F6
KIR3DL2	Q6QWD4
KIR3DL2	Q6QWD5
KIR3DL2	Q8NHI4
KIR3DL2	Q8NHI5
KIR3DL2	Q8NHI6
KIR3DL2	Q8NHK6
KIR3DL2	Q8NHL1
KIR3DL2	Q8NHL2
KIR3DL2	Q9BQU0
KLK1	A0A1L2BPJ1
KLK1	A0A1L2BPJ2
KLK1	M0R318
KLK1	P06870
KLK1	Q6T776
KMT2D	A0A2S0X0M0
KMT2D	A0A3B3ISC8
KMT2D	H0YEF2
KMT2D	O14686
LARGE2	E9PIZ2
LARGE2	H0YDB8
LARGE2	H0YDU6
LARGE2	Q8N3Y3
LARP1	A0A0B4J210
LARP1	E5RH50
LARP1	E5RHK4
LARP1	H0YAN4
LARP1	H0YAX9
LARP1	H0YBJ5
LARP1	H0YBM7
LARP1	H0YBR8
LARP1	H0YBW1
LARP1	H0YC33
LARP1	H0YC73
LARP1	Q6PKG0
LARP4B	A0A087X183
LARP4B	B5MCU2
LARP4B	H0Y4V9
LARP4B	H0Y641
LARP4B	Q92615
LARP4B	V9GYI5
LARP4B	X6RCG6
LARP7	D6R9Z6
LARP7	D6RAF3
LARP7	D6RBH8
LARP7	D6RF22
LARP7	D6RF49
LARP7	D6RFF0
LARP7	H0YA82
LARP7	Q4G0J3
LARP7	Q96IZ8
LDB1	A0A6E1WJ75
LDB1	Q86U70
LGALS3	G3V3R6
LGALS3	G3V407
LGALS3	P17931
LGALS3	Q6FGL0
LGALS3	Q6NVH9
LILRA5	A0A0U4ARJ3
LILRA5	A6NI73
LILRA6	A0A0G2JLX6
LILRA6	A0A0G2JLX9
LILRA6	A0A0G2JM95
LILRA6	A0A0G2JMN6
LILRA6	A0A0G2JMX0
LILRA6	A0A0G2JN36
LILRA6	A0A0G2JN43
LILRA6	A0A0G2JPA2
LILRA6	A0A0G2JPN1
LILRA6	A0A0G2JPR9
LILRA6	A0A0G2JPW1
LILRA6	A0A0G2JPW2
LILRA6	A0A0G2JPY1
LILRA6	A0A0G2JQ24
LILRA6	A0A0G2JQ25
LILRA6	A0A0G2JQ26
LILRA6	B5ME96
LILRA6	Q6PI73
LILRA6	U5QB67
LILRA6	U5QBB5
LILRA6	U5QBC0
LILRA6	U5QBG3
LILRA6	U5QBG7
LILRA6	U5QEL4
LILRA6	U5QEL9
LILRA6	U5QET3
LILRA6	U5QET8
LILRA6	U5XH19
LILRA6	U5XH23
LILRA6	U5XH26
LILRA6	U5XHD7
LILRA6	U5XHE0
LILRA6	U5XHE4
LILRA6	U5XI37
LILRA6	U5XJZ2
LILRA6	U5XKI1
LILRB2	A0A0G2JLS7
LILRB2	A0A0G2JM05
LILRB2	A0A0G2JMW1
LILRB2	A0A0G2JN35
LILRB2	A0A0G2JNE7
LILRB2	A0A0G2JNH0
LILRB2	A0A0G2JNQ7
LILRB2	A0A0G2JNT8
LILRB2	A0A0G2JPH5
LILRB2	A0A0G2JQ48
LILRB2	A0A140JSW6
LILRB2	H7C0C3
LILRB2	Q8N423
LMAN2	A0A384NPY7
LMAN2	D6RBH1
LMAN2	D6RBV2
LMAN2	D6RDX1
LMAN2	D6RIU4
LMAN2	Q12907
LOX	A0A7P0SNB0
LOX	B0AZT2
LOX	B7ZAJ4
LOX	D0PNI2
LOX	H0YAL3
LOX	P28300
LOX	Q96PQ9
LRIT3	A0A0A0MR64
LRIT3	Q3SXY7
LUC7L	A8MYV2
LUC7L	B8ZZ08
LUC7L	B8ZZ09
LUC7L	B8ZZ10
LUC7L	B8ZZ12
LUC7L	D3DU41
LUC7L	F2Z322
LUC7L	F8WBC1
LUC7L	H7C2U4
LUC7L	Q1W6G4
LUC7L	Q9NQ29
MAP4	A0A024R2S1
MAP4	A0A024R2V0
MAP4	A0A024R2V2
MAP4	A0A0J9YVV8
MAP4	A0A0J9YW37
MAP4	B5MEG9
MAP4	E7EVA0
MAP4	F8W9U4
MAP4	H0Y2V1
MAP4	H7C456
MAP4	H7C4C5
MAP4	P27816
MAP4	Q05D06
MAP4	Q6NX68
MAP4	Q86Y04
MAP7D1	A1L1B7
MAP7D1	C9JIR3
MAP7D1	E9PLH3
MAP7D1	H0YF21
MAP7D1	Q3KQU3
MAP7D1	Q6NX58
MAPK14	A0A024RD15
MAPK14	B4E0K5
MAPK14	B5TY33
MAPK14	E7EX54
MAPK14	H7C4E2
MAPK14	L7RSM2
MAPK14	Q16539
MARK1	A0A087X0I6
MARK1	A0A7I2V4P8
MARK1	A0A7I2V550
MARK1	A0A7I2V624
MARK1	A0A7I2YQC1
MARK1	B4DIB3
MARK1	Q9P0L2
MARK1	X5D2M4
MARK1	X5D7J4
MARK1	X5D9P2
MARK1	X5DNR8
MARK2	A0A024R555
MARK2	A0A024R5B2
MARK2	A0A0A0MRU9
MARK2	A0A1B0GXH6
MARK2	A0A7I2V3R3
MARK2	A0A7I2YQF3
MARK2	A0A7I2YQR3
MARK2	E7ETY4
MARK2	E9PC69
MARK2	F5H4F6
MARK2	F5H4J8
MARK2	F5H6N2
MARK2	Q7KZI7
MARK3	A0A7I2V2E3
MARK3	A0A7I2V2I9
MARK3	A0A7I2V2J6
MARK3	A0A7I2V2N8
MARK3	A0A7I2V2U9
MARK3	A0A7I2V3B9
MARK3	A0A7I2V3C6
MARK3	A0A7I2V3I9
MARK3	A0A7I2V3K2
MARK3	A0A7I2V3P5
MARK3	A0A7I2V3Q1
MARK3	A0A7I2V3X7
MARK3	A0A7I2V409
MARK3	A0A7I2V483
MARK3	A0A7I2V4G7
MARK3	A0A7I2V4K8
MARK3	A0A7I2V4L1
MARK3	A0A7I2V4T2
MARK3	A0A7I2V4T5
MARK3	A0A7I2V549
MARK3	A0A7I2V5G3
MARK3	A0A7I2V5H7
MARK3	A0A7I2V5Z7
MARK3	A0A7I2V602
MARK3	A0A7I2V639
MARK3	A0A7I2YQ84
MARK3	A0A7I2YQ91
MARK3	A0A7I2YQF4
MARK3	A0A7I2YQF7
MARK3	A0A7I2YQJ7
MARK3	A2SY06
MARK3	H0YIY6
MARK3	H0YJI9
MARK3	H0YKP9
MARK3	H0YNV4
MARK3	J3KNR0
MARK3	P27448
MAT2B	E5RJR3
MAT2B	H7C0X7
MAT2B	Q9NZL9
MCTS1	Q9ULC4
MDGA2	A0A7D9N0L9
MDGA2	E9PMG9
MDGA2	G3V5U0
MDGA2	G3V5Z1
MDGA2	H0YJ52
MDGA2	Q7Z553
MDM2	A0A0A8K972
MDM2	A0A0A8K975
MDM2	A0A0A8K978
MDM2	A0A0A8K982
MDM2	A0A0A8K986
MDM2	A0A0A8K992
MDM2	A0A0A8K9A1
MDM2	A0A0A8K9A4
MDM2	A0A0A8K9G1
MDM2	A0A0A8K9G9
MDM2	A0A0A8K9H4
MDM2	A0A0A8K9H7
MDM2	A0A0A8K9I1
MDM2	A0A0A8KA03
MDM2	A0A0A8KA06
MDM2	A0A0A8KA17
MDM2	A0A0A8KB67
MDM2	A0A0A8KB70
MDM2	A0A0A8KB75
MDM2	A0A0A8KB78
MDM2	A0A0A8KB88
MDM2	A0A0A8KB92
MDM2	A0A0A8KB97
MDM2	A0A0A8KBA1
MDM2	A0A0C4DFR5
MDM2	A0A1B0GXJ6
MDM2	A7UKX8
MDM2	A8WFP2
MDM2	D0EKL1
MDM2	E5RHE2
MDM2	E5RJQ0
MDM2	E7EMW5
MDM2	E7EPE2
MDM2	F5GWH7
MDM2	F5GZB0
MDM2	F5GZC3
MDM2	F5H1M7
MDM2	F5H4Q8
MDM2	F6UXB6
MDM2	G3XA89
MDM2	J3KN53
MDM2	J3QST1
MDM2	Q00987
MDM2	Q546E6
MDM2	Q8NDV9
MDM2	Q8NDW0
MDM2	Q8NDW1
MDM2	Q8NDW2
MDM2	Q8TE47
MDM2	Q8WYJ3
MDM2	Q96DS0
MDM2	Q96DS1
MDM2	Q96DS2
MDM2	Q96DS3
MDM2	Q96DS4
MDM2	Q96DS5
MDM2	Q9H4C2
MDM2	Q9H4C3
MDM2	Q9H4C4
MDM2	Q9H4C5
MDN1	M0QXR3
MDN1	Q5T795
MDN1	Q6PJJ1
MDN1	Q9NU22
MED16	A0A087WU12
MED16	A0A0J9YW49
MED16	A0A0J9YXA0
MED16	A0A0J9YXE6
MED16	A0A0J9YXE7
MED16	A0A0J9YXK9
MED16	A0A0J9YXL6
MED16	A0A0J9YY02
MED16	A0A0J9YYC6
MED16	B9TWZ5
MED16	B9TWZ6
MED16	B9TWZ7
MED16	B9TWZ8
MED16	B9TWZ9
MED16	B9TX00
MED16	B9TX01
MED16	B9TX02
MED16	B9TX03
MED16	B9TX04
MED16	B9TX05
MED16	B9TX06
MED16	B9TX07
MED16	B9TX08
MED16	B9TX09
MED16	B9TX10
MED16	B9TX11
MED16	B9TX12
MED16	B9TX13
MED16	B9TX14
MED16	B9TX15
MED16	B9TX16
MED16	B9TX17
MED16	B9TX18
MED16	B9TX19
MED16	B9TX20
MED16	B9TX21
MED16	B9TX22
MED16	B9TX23
MED16	B9TX24
MED16	B9TX25
MED16	B9TX26
MED16	B9TX27
MED16	B9TX28
MED16	K7EKS6
MED16	K7EKX2
MED16	K7EKX6
MED16	Q9Y2X0
MED16	U3KQ43
MED16	U3KQB4
MEPCE	Q7L2J0
MFGE8	A0A024RC55
MFGE8	A0A024RC59
MFGE8	A0A087WUV5
MFGE8	H0YKB5
MFGE8	H0YKS8
MFGE8	Q08431
MGST3	A0A024R8Z1
MGST3	O14880
MGST3	Q5VV87
MGST3	Q5VV89
MIB1	L8EA82
MIB1	Q86YT6
MIPOL1	A0A0S2Z5W3
MIPOL1	A0A0S2Z5W4
MIPOL1	A0A0S2Z674
MIPOL1	G3V2C4
MIPOL1	G3V3K8
MIPOL1	G3V5R6
MIPOL1	G5EA54
MIPOL1	Q49AL5
MIPOL1	Q4G0U7
MIPOL1	Q8TD10
MMS19	B0QZ77
MMS19	F8WCH8
MMS19	H0Y746
MMS19	H0Y7V3
MMS19	H7C0A9
MMS19	H7C1W5
MMS19	Q5T454
MMS19	Q96T76
MNAT1	A0A024R669
MNAT1	A0A024R688
MNAT1	A0A0S2Z414
MNAT1	H0YJ92
MNAT1	H0YJF2
MNAT1	P51948
MOGS	A0A3B3IRI1
MOGS	A0A3B3IRI7
MOGS	A0A3B3IRK6
MOGS	A0A3B3IRW2
MOGS	A0A3B3IS52
MOGS	A0A3B3ITC1
MOGS	A0A3B3ITU6
MOGS	A0A3B3IU81
MOGS	B4E3B8
MOGS	B8ZZE2
MOGS	C9JDQ1
MOGS	Q13724
MOV10	Q5JR04
MOV10	Q9HCE1
MPHOSPH10	O00566
MPHOSPH10	U3KQ48
MPO	J3QSF7
MPO	P05164
MPO	Q16771
MPZL3	E9PPB1
MPZL3	Q6UWV2
MRPL47	Q9HD33
MRPS2	A0A024R8D4
MRPS2	Q5T8A0
MRPS2	Q96Q47
MRPS2	Q9Y399
MRPS25	E7EPW2
MRPS25	P82663
MRPS25	Q96Q22
MRPS27	A0A024RAJ1
MRPS27	D6RH20
MRPS27	D6RJC7
MRPS27	E5RJ73
MRPS27	G5EA06
MRPS27	Q6PKB3
MRPS27	Q92552
MRPS5	P82675
MSN	P26038
MSN	Q6PJT4
MSN	V9GZ54
MTARC1	H0YDX4
MTARC1	H7BYZ9
MTARC1	Q5VT66
MTARC1	X6RIL1
MTCH1	A0A024RCX4
MTCH1	A0A024RD08
MTCH1	A4FVA6
MTCH1	H0Y8C3
MTCH1	H7C196
MTCH1	Q8IW90
MTCH1	Q9NZJ7
MYADM	A0A494C017
MYADM	A0A499FIY8
MYADM	C9JC07
MYADM	C9JJV6
MYADM	C9JZL8
MYADM	Q96S97
MYCBP2	A0A087WY34
MYCBP2	A0A0C4DGY7
MYCBP2	A0A499FJI4
MYCBP2	H7C3U4
MYCBP2	O75592
NAA40	F2YHM7
NAA40	F5GXF6
NAA40	F5GY41
NAA40	F5H2C9
NAA40	Q86UY6
NAA60	I3L153
NAA60	I3L1B9
NAA60	I3L1T4
NAA60	I3L1X5
NAA60	I3L205
NAA60	I3L2B4
NAA60	I3L2K7
NAA60	I3L2M6
NAA60	I3L4Q3
NAA60	I3L4Q5
NAA60	I3L4T5
NAA60	Q9H7X0
NARS2	E9PRK2
NARS2	H0YE96
NARS2	H0YEL9
NARS2	Q96I59
NAT14	M0QZH3
NAT14	M0R1E3
NAT14	M0R284
NAT14	Q8WUY8
NCOA1	B5MCN7
NCOA1	Q15788
NCOA3	Q0IIN7
NCOA3	Q569F6
NCOA3	Q9Y6Q9
NCR3LG1	Q68D85
NDFIP2	A0A0C4DGW0
NDFIP2	A0A3B3IRK3
NDFIP2	B4DGY6
NDFIP2	H7C5F7
NDFIP2	Q9NV92
NDOR1	Q9UHB4
NDUFAF1	A0A024R9L0
NDUFAF1	A0A7I2V4I7
NDUFAF1	A0A7I2YQA4
NDUFAF1	H0YL22
NDUFAF1	H0YNB7
NDUFAF1	H0YNN4
NDUFAF1	Q9Y375
NDUFAF2	A0A0S2Z5T4
NDUFAF2	A0A0S2Z5U1
NDUFAF2	A0A0S2Z5U2
NDUFAF2	A0A7I2V3X5
NDUFAF2	A0A7I2V4Z7
NDUFAF2	A0A7I2YQX2
NDUFAF2	D6RA56
NDUFAF2	H0YA50
NDUFAF2	Q8N183
NDUFB3	A0A024R413
NDUFB3	C9JKQ2
NDUFB3	O43676
NDUFB9	A0A3B3IT57
NDUFB9	A0A7I2V620
NDUFB9	A0A7I2YQN0
NDUFB9	E7EWZ0
NDUFB9	E9PF49
NDUFB9	E9PH64
NDUFB9	Q9Y6M9
NEDD8	F8VSA6
NEDD8	Q15843
NEDD8	Q96L81
NEK9	A0A024R6D1
NEK9	A0A7I2V454
NEK9	A0A7I2V4E9
NEK9	A0A7I2V5R1
NEK9	G3V2Z5
NEK9	G3V459
NEK9	G3V5V0
NEK9	G3V5V6
NEK9	L8EAL4
NEK9	Q6PKF2
NEK9	Q8TD19
NELFCD	H0UI80
NELFCD	Q8IXH7
NELFCD	X6RLT1
NEU1	A0A0G2JKS5
NEU1	E9PIF4
NEU1	Q5JQI0
NEU1	Q6IBT5
NEU1	Q6Q4G7
NEU1	Q6Q4G8
NEU1	Q6Q4G9
NEU1	Q99519
NFAM1	F8WE95
NFAM1	Q8NET5
NGDN	G3V4G1
NGDN	H0YJ17
NGDN	H0YJQ1
NGDN	Q8NEJ9
NGLY1	A0A0C4DFP4
NGLY1	A0A6Q8PF23
NGLY1	A0A6Q8PFQ1
NGLY1	A0A6Q8PGC8
NGLY1	A0A6Q8PHH7
NGLY1	A0A6Q8PHJ3
NGLY1	C9JU75
NGLY1	H0Y2P2
NGLY1	Q96IV0
NGLY1	Q9NV10
NIN	A0A0B4J215
NIN	A0A669KBB6
NIN	A0A669KBE5
NIN	A0A669KBI5
NIN	A0A669KBK6
NIN	A0A6F7YPF6
NIN	C9J066
NIN	E9PJH9
NIN	E9PN67
NIN	H7C162
NIN	H9KV85
NIN	Q8N4C6
NIN	R4GN85
NINL	H0Y2V7
NINL	Q9Y2I6
NLRX1	C9J0R6
NLRX1	C9JLK8
NLRX1	C9JQE9
NLRX1	Q86UT6
NNT	A0A024R0C3
NNT	A0A590UJA4
NNT	A0A590UJI3
NNT	A0A590UJM2
NNT	A0A590UJM7
NNT	A0A590UJV8
NNT	A0A590UK15
NNT	A0A590UK29
NNT	A0A590UKC7
NNT	D6RAI5
NNT	D6RCR6
NNT	D6RHU2
NNT	E9PCX7
NNT	H0Y9R2
NNT	Q13423
NNT	Q2TB59
NNT	Q8N5H5
NOL10	H7C1Z3
NOL10	Q9BSC4
NONO	A0A0S2Z4E7
NONO	A0A0S2Z4Z9
NONO	A0A7I2V447
NONO	A0A7I2V464
NONO	A0A7I2V4J2
NONO	A0A7I2V4K9
NONO	A0A7I2V4N2
NONO	A0A7I2V535
NONO	A0A7I2V5Y7
NONO	A0A7I2YQK8
NONO	A0A7P0MRW0
NONO	C9IZL7
NONO	C9J4X2
NONO	C9JJ13
NONO	C9JYS8
NONO	H7C367
NONO	Q15233
NPC2	A0A024R6C0
NPC2	E7EMS2
NPC2	G3V2V8
NPC2	G3V3D1
NPC2	G3V3E8
NPC2	H0YIZ1
NPC2	H0YJE2
NPC2	J3KMY5
NPC2	P61916
NPTX1	Q15818
NQO2	A0A024QZT9
NQO2	A2A2U4
NQO2	P16083
NQO2	Q5TD05
NQO2	Q5TD07
NQO2	U3KQG7
NSD2	A0A7I2V2S2
NSD2	A0A7I2YQS5
NSD2	A0A7P0P278
NSD2	D6R9V2
NSD2	D6RFE7
NSD2	D6RIS1
NSD2	H0Y9L4
NSD2	H0Y9U6
NSD2	O96028
NUB1	C9JRT6
NUB1	F8WDB6
NUB1	F8WDL9
NUB1	H3BM14
NUB1	H3BM74
NUB1	H7C5E1
NUB1	H7C5N1
NUB1	Q9Y5A7
NUP155	A0A024R071
NUP155	D6RA13
NUP155	E9PF10
NUP155	O75694
NUP210	Q8TEM1
NUP214	A0A024R8B6
NUP214	A0A0A0MSW3
NUP214	A0A494BZU9
NUP214	A0A494C0J0
NUP214	A0A494C0Y1
NUP214	A0A494C104
NUP214	A0A494C1F2
NUP214	B7ZAV2
NUP214	E9PKD2
NUP214	E9PS86
NUP214	H0Y837
NUP214	H0YDH2
NUP214	H0YDI2
NUP214	H0YDS4
NUP214	H0YED3
NUP214	H0YF36
NUP214	P35658
NUP35	C9IYQ7
NUP35	C9JIY9
NUP35	C9JWU7
NUP35	F8WCF5
NUP35	F8WEL4
NUP35	Q8NFH5
NUP54	D6RAH0
NUP54	D6RB65
NUP54	D6RBF7
NUP54	D6RFI8
NUP54	Q7Z3B4
NUP58	F8WBZ1
NUP58	F8WC35
NUP58	F8WCJ8
NUP58	H7BYF2
NUP58	Q5JRG1
NUP58	Q9BVL2
NUP62	M0QX10
NUP62	M0QX13
NUP62	M0QX64
NUP62	M0QXN5
NUP62	M0QYY0
NUP62	M0QZL5
NUP62	M0R0B7
NUP62	M0R1S1
NUP62	M0R302
NUP62	P37198
NUP85	F5H0W7
NUP85	J3KRC0
NUP85	J3KS87
NUP85	J3KSH3
NUP85	J3KT10
NUP85	J3KTC7
NUP85	J3QL49
NUP85	J3QL54
NUP85	J3QL91
NUP85	J3QLD4
NUP85	J3QLH0
NUP85	J3QLV0
NUP85	J3QRY3
NUP85	J3QS63
NUP85	Q9BW27
NUP88	I3L245
NUP88	I3L2W3
NUP88	I3L4K7
NUP88	J3KMX1
NUP88	Q99567
NUP98	A0A024RCC4
NUP98	A0A1D8GZ55
NUP98	A0A1D8GZ56
NUP98	A0A1D8GZ64
NUP98	A0A3B3ITD8
NUP98	E9PNN0
NUP98	H0YCR0
NUP98	H0YCT1
NUP98	H0YDA1
NUP98	H0YDF4
NUP98	H0YEN4
NUP98	H7BYP8
NUP98	H7C3P6
NUP98	P52948
NUP98	Q9HDC8
NUTF2	A0A024R6Y2
NUTF2	H3BRV9
NUTF2	P61970
OASL	A0A7P0T9H8
OASL	A0A7P0TB39
OASL	A0A7P0TBF4
OASL	H0YGP3
OASL	Q15646
OAT	P04181
OS9	B4E321
OS9	F8VWQ2
OS9	F8VZI7
OS9	F8W0R2
OS9	F8W1N0
OS9	F8W1V2
OS9	Q13438
OS9	Q9BR60
OSBPL5	E9PIJ6
OSBPL5	E9PJE6
OSBPL5	E9PLN3
OSBPL5	E9PNH0
OSBPL5	E9PPQ2
OSBPL5	E9PQB4
OSBPL5	E9PRA9
OSBPL5	H0YCD7
OSBPL5	Q9H0X9
OSBPL8	A0A024RBB8
OSBPL8	F8VQX7
OSBPL8	F8VS33
OSBPL8	F8VUA7
OSBPL8	F8VVD3
OSBPL8	F8VVE7
OSBPL8	F8VZ43
OSBPL8	F8VZB8
OSBPL8	F8W060
OSBPL8	F8W1F1
OSBPL8	L8ECJ0
OSBPL8	Q641R2
OSBPL8	Q96E43
OSBPL8	Q9BZF1
OSCAR	A0A087WV17
OSCAR	A0A087X0P3
OSCAR	A0A087X1R2
OSCAR	A0A0A0MR14
OSCAR	A0A0A0MRF2
OSCAR	A0A0G2JMM7
OSCAR	A0A0G2JNK2
OSCAR	A8MWV3
OSCAR	Q8IYS5
P2RX1	D3DTJ7
P2RX1	I3L3H3
P2RX1	K4JYE8
P2RX1	P51575
P2RX1	Q6PIW1
P2RX3	A0A087X210
P2RX3	H0YDR6
P2RX3	P56373
P2RX4	B7Z4R5
P2RX4	F5GZQ9
P2RX4	F5H1M6
P2RX4	F5H2S3
P2RX4	F6SFZ6
P2RX4	H0YF70
P2RX4	K4KBD6
P2RX4	Q99571
P2RY2	A0A024R5N1
P2RY2	C6G7W1
P2RY2	C6G7W2
P2RY2	P41231
P2RY4	C6G7W3
P2RY4	C6G7W4
P2RY4	P51582
P4HA3	E9PM97
P4HA3	H0YCC3
P4HA3	Q7Z4N8
PABPC1	A0A024R9C1
PABPC1	A0A024R9E2
PABPC1	A0A087WTT1
PABPC1	A0A7I2V3J9
PABPC1	A0A7I2V4N4
PABPC1	A0A7I2V649
PABPC1	A0A7I2YQ88
PABPC1	A0A7I2YQ90
PABPC1	A0A7I2YQE4
PABPC1	E5RFD8
PABPC1	E5RGC4
PABPC1	E5RGH3
PABPC1	E5RH24
PABPC1	E5RHG7
PABPC1	E5RJB9
PABPC1	E5RJM8
PABPC1	E7EQV3
PABPC1	E7ERJ7
PABPC1	H0YAP2
PABPC1	H0YAR2
PABPC1	H0YAS6
PABPC1	H0YAS7
PABPC1	H0YAW6
PABPC1	H0YB75
PABPC1	H0YB86
PABPC1	H0YBN4
PABPC1	H0YC10
PABPC1	P11940
PABPC4	A0A7I2V4L7
PABPC4	A0A7I2V4V6
PABPC4	A0A7I2V598
PABPC4	A0A7I2V5F4
PABPC4	A0A7I2V5W9
PABPC4	B1ANR0
PABPC4	B1ANR1
PABPC4	H0Y5F5
PABPC4	H0Y6X6
PABPC4	H0YCC8
PABPC4	H0YEQ8
PABPC4	H0YER0
PABPC4	H0YEU6
PABPC4	Q13310
PABPC4	Q147Y3
PABPC4	Q3B867
PABPC4	Q6IQ30
PCBD1	P61457
PCCA	A0A1B0GTR1
PCCA	A0A1B0GU58
PCCA	A0A1B0GUX9
PCCA	A0A1B0GWA1
PCCA	A0A1B0GWI4
PCCA	A0A2R8Y725
PCCA	H0Y4B9
PCCA	H0Y5U0
PCCA	H0Y798
PCCA	P05165
PCCA	Q5JTW6
PCCA	Q5JVH2
PCNA	P12004
PCNA	Q6FHF5
PCNA	Q6FI35
PCNA	Q7Z6A0
PCNA	Q7Z6A1
PCNA	Q7Z6A2
PCNA	Q7Z6A3
PCNT	H7C2A3
PCNT	O95613
PCNT	Q8IWJ7
PCSK6	A0A024RCD0
PCSK6	A0A024RCE2
PCSK6	A0A087WY68
PCSK6	A0A087WZR0
PCSK6	A0A0A8WJK9
PCSK6	A0A0J9YW51
PCSK6	A0A7I2V2Z7
PCSK6	A0A7I2V3M4
PCSK6	A0A7I2V3T2
PCSK6	A0A7I2YQH5
PCSK6	A2RQD9
PCSK6	H0Y3Q0
PCSK6	H0YKK2
PCSK6	H0YKZ4
PCSK6	H0YLC8
PCSK6	H0YMW5
PCSK6	H7BXT3
PCSK6	L8EAN7
PCSK6	P29122
PCYOX1	C9JGT6
PCYOX1	C9JM55
PCYOX1	C9K055
PCYOX1	F8W8W4
PCYOX1	Q53ST0
PCYOX1	Q584P1
PCYOX1	Q9UHG3
PDE4DIP	A0A075B749
PDE4DIP	A0A087WVQ4
PDE4DIP	A0A087WWI2
PDE4DIP	A0A087WWK4
PDE4DIP	A0A087WWY1
PDE4DIP	A0A087WX83
PDE4DIP	A0A087WYE4
PDE4DIP	A0A087X041
PDE4DIP	A0A087X0I1
PDE4DIP	A0A087X229
PDE4DIP	A7YY83
PDE4DIP	E9PJK3
PDE4DIP	E9PJU0
PDE4DIP	E9PNE0
PDE4DIP	E9PQG4
PDE4DIP	E9PS60
PDE4DIP	H0YCH7
PDE4DIP	H0YCY0
PDE4DIP	H0YEW6
PDE4DIP	I1VE15
PDE4DIP	Q5TB27
PDE4DIP	Q5VU43
PDE4DIP	Q6P470
PDE4DIP	Q8TBR0
PDIA4	A0A499FI48
PDIA4	C9JMN9
PDIA4	P13667
PDZD11	Q5EBL8
PELO	Q9BRX2
PGP	A6NDG6
PGP	H3BV17
PHF6	A0A0D9SGE8
PHF6	Q5JRC6
PHF6	Q8IWS0
PHIP	Q8WWQ0
PHOSPHO1	D6RB58
PHOSPHO1	D6RHH9
PHOSPHO1	D6RIT6
PHOSPHO1	I3L4N1
PHOSPHO1	Q8TCT1
PIAS1	A4ZVS7
PIAS1	A4ZVS8
PIAS1	H3BS65
PIAS1	H3BSI8
PIAS1	H3BUL7
PIAS1	O75925
PIAS1	Q1XBU8
PIAS2	A0A024RC49
PIAS2	A0A087WUY7
PIAS2	A0A0A0MS92
PIAS2	B4DGW0
PIAS2	K7EJT4
PIAS2	K7EMP6
PIAS2	K7EQX5
PIAS2	K7ER97
PIAS2	O75928
PIAS2	Q2TA77
PIGO	Q8TEQ8
PIGS	A0A024QZ14
PIGS	H0Y2N5
PIGS	K7EN97
PIGS	Q96IR5
PIGS	Q96S52
PIGS	Q9BVC1
PILRA	C9JGG1
PILRA	C9JJ79
PILRA	Q9UKJ1
PITRM1	A0A0A0MRX9
PITRM1	A0A7I2V2T0
PITRM1	A0A7I2V397
PITRM1	A0A7I2V3B6
PITRM1	A0A7I2V3L7
PITRM1	A0A7I2V3X0
PITRM1	A0A7I2V449
PITRM1	A0A7I2V4N3
PITRM1	A0A7I2V4X7
PITRM1	A0A7I2V5C6
PITRM1	A0A7I2V5H2
PITRM1	A0A7I2V5K2
PITRM1	A0A7I2V5R2
PITRM1	A0A7I2YQT2
PITRM1	A0A7I2YQX5
PITRM1	B1APQ0
PITRM1	B1APQ1
PITRM1	B4DEU0
PITRM1	H0Y4F7
PITRM1	H0Y7L7
PITRM1	Q5JRX3
PKP2	A0A087WXY2
PKP2	B8QGS8
PKP2	B8QGS9
PKP2	Q99959
PLAT	A0A7I2V268
PLAT	A0A7I2V6D6
PLAT	A0A7I2YQ93
PLAT	B4DN26
PLAT	B4DNJ1
PLAT	B8ZX62
PLAT	E5RGA1
PLAT	E5RHG4
PLAT	E7ESF4
PLAT	H0YBH9
PLAT	P00750
PLD3	A0A024R0Q4
PLD3	A0A0A0MS28
PLD3	E2QRG1
PLD3	M0QX50
PLD3	M0QX99
PLD3	M0QY94
PLD3	M0QYJ4
PLD3	M0QZK2
PLD3	M0R1F7
PLD3	M0R2E7
PLD3	M0R2W7
PLD3	M0R3G9
PLD3	Q8IV08
PLEKHA5	A0A024RAY7
PLEKHA5	A0JP02
PLEKHA5	B4DJX4
PLEKHA5	F5H1X3
PLEKHA5	H0YG48
PLEKHA5	H0YGJ6
PLEKHA5	L8E8X2
PLEKHA5	Q9HAU0
PLEKHF2	Q9H8W4
PLG	A0A0F7G8J1
PLG	A6PVI2
PLG	P00747
PLG	Q5TEH5
PLG	Q9UMI2
PLOD2	C9JXZ0
PLOD2	E7ETU9
PLOD2	F8WEW3
PLOD2	O00469
PLOD2	Q96AR9
PLOD2	Q96QU5
PLXNA4	A4D1N7
PLXNA4	Q9HCM2
PLXNC1	B4DHQ7
PLXNC1	F5H3A2
PLXNC1	F8VUW4
PLXNC1	F8W095
PLXNC1	F8W1K6
PLXNC1	O60486
PMPCA	Q10713
PMPCA	Q24JU5
PMPCA	Q5SXN9
PMPCA	Q9BT52
PMPCB	F8WAZ6
PMPCB	F8WBE1
PMPCB	F8WEA6
PMPCB	F8WEC8
PMPCB	G3V0E4
PMPCB	O75439
PMPCB	Q96CP5
POFUT1	Q9H488
POGLUT2	Q6UW63
POGLUT3	H0YEM3
POGLUT3	Q7Z4H8
POLA1	A0A5F9ZHW2
POLA1	A0A7I2V2V3
POLA1	A6NMQ1
POLA1	L8ECG9
POLA1	P09884
POLA2	E9PIQ6
POLA2	E9PQ99
POLA2	H0YDR7
POLA2	Q14181
POP5	Q969H6
POR	A8K3B4
POR	B2R6E5
POR	C9JDE2
POR	C9JQ78
POR	C9JU80
POR	E7EMD0
POR	E7EWU0
POR	H0Y4R2
POR	P16435
PPIC	P45877
PPIL3	A0A024R3V4
PPIL3	A0A0S2Z5A8
PPIL3	A0A0S2Z5X8
PPIL3	B8ZZ77
PPIL3	C9J4N2
PPIL3	C9K058
PPIL3	F8WC82
PPIL3	H7BZ14
PPIL3	Q86UR0
PPIL3	Q9H2H8
PPP1R3F	A0A494C178
PPP1R3F	H7C546
PPP1R3F	Q0D2I0
PPP1R3F	Q6ZSY5
PPT1	A0A286YEP3
PPT1	A0A286YF39
PPT1	A0A286YFE3
PPT1	A0A286YFF7
PPT1	A0A286YFL6
PPT1	A0A286YFL8
PPT1	A0A2C9F2P4
PPT1	E9PIA8
PPT1	E9PK48
PPT1	E9PMG2
PPT1	E9PP28
PPT1	E9PSE5
PPT1	P50897
PPT1	Q5T0S4
PRIM1	A0A5F9ZHB6
PRIM1	F8VNY2
PRIM1	F8VSB2
PRIM1	H0YIP2
PRIM1	P49642
PRIM2	A0A096LP51
PRIM2	A0A5F9ZHR0
PRIM2	A0A5F9ZHU7
PRIM2	H9XFA6
PRIM2	H9XFA7
PRIM2	I0CMJ8
PRIM2	I0CMK6
PRIM2	I0EZ64
PRIM2	P49643
PRKACA	A0A024R7J0
PRKACA	A0A7I2V5J4
PRKACA	A0A7I2YQ82
PRKACA	B7Z708
PRKACA	K7EMV1
PRKACA	K7ENJ5
PRKACA	K7ERP6
PRKACA	P17612
PRKACA	Q15136
PRKAR1A	A1XGZ0
PRKAR1A	B2R5T5
PRKAR1A	K7EID3
PRKAR1A	K7EIE5
PRKAR1A	K7EJ40
PRKAR1A	K7EK41
PRKAR1A	K7EKR1
PRKAR1A	K7EM13
PRKAR1A	K7EMU2
PRKAR1A	K7EMZ6
PRKAR1A	K7EPB2
PRKAR1A	K7EPR5
PRKAR1A	K7EQK3
PRKAR1A	P10644
PRKAR1A	Q96P62
PRKAR1A	X6RAV4
PRKAR2A	A0A024R2W3
PRKAR2A	A0A0S2Z472
PRKAR2A	C9J830
PRKAR2A	H7C1L0
PRKAR2A	H7C330
PRKAR2A	H7C4A9
PRKAR2A	P13861
PRKAR2B	A0A024R712
PRKAR2B	A3R6R8
PRKAR2B	P31323
PRKAR2B	Q6DHZ2
PRKAR2B	Q75MP1
PRNP	A0A6J4EE43
PRNP	A1YVW6
PRNP	A2A2V1
PRNP	B2NI04
PRNP	B2NI05
PRNP	D4P3Q7
PRNP	F7VJQ1
PRNP	K0P2W7
PRNP	O75942
PRNP	P04156
PRNP	Q16409
PRNP	Q53YK7
PRNP	Q540C4
PRNP	Q6FGN5
PRNP	Q6FGR8
PRNP	Q6SES1
PRNP	Q7KYY8
PRNP	Q86XR1
PRNP	X6RKS3
PRRC2B	Q5JSZ5
PRSS1	A6XGL3
PRSS1	E7EQ64
PRSS1	H0Y8D1
PRSS1	P07477
PRSS1	Q3SY19
PRSS1	Q45KI0
PRSS1	Q53ZF3
PRSS1	Q53ZV8
PRSS1	Q53ZX7
PRSS1	Q53ZX8
PRSS1	Q53ZX9
PRSS1	Q7Z445
PRSS1	Q7Z5P3
PRSS1	Q7Z5Y9
PRSS1	Q86W17
PRSS1	Q86W18
PRSS1	Q86W19
PRSS1	Q86W20
PSAP	A0A024QZQ2
PSAP	A0A0J9YXB8
PSAP	C9JIZ6
PSAP	L8EA14
PSAP	P07602
PSAP	Q5BJH1
PSMD3	F5H8K4
PSMD3	H0YGV8
PSMD3	O43242
PSMD3	Q6IBN0
PSMD8	K7EJC1
PSMD8	K7EJR3
PSMD8	K7EK21
PSMD8	K7ENY6
PSMD8	K7ERW6
PSMD8	P48556
PSMD8	R4GMR5
PSME3	A0A024R203
PSME3	A0A087WTV2
PSME3	B3KQ25
PSME3	B7Z8D3
PSME3	K7EJF8
PSME3	K7EKR3
PSME3	K7EMD0
PSME3	K7ENH2
PSME3	K7EPX6
PSME3	K7ESG5
PSME3	K9J957
PSME3	P61289
PSME3	Q6FHK7
PTBP2	A0A6Q8PEZ3
PTBP2	A0A6Q8PFC0
PTBP2	A0A6Q8PFE6
PTBP2	A0A6Q8PFT8
PTBP2	A0A6Q8PH43
PTBP2	A0A6Q8PH82
PTBP2	A0A7I2RVZ4
PTBP2	B4DI28
PTBP2	O95652
PTBP2	Q9UKA9
PTGES2	A0A7I2V308
PTGES2	A0A7I2V460
PTGES2	A0A7I2V4L3
PTGES2	A0A7I2V5T7
PTGES2	A0A7I2V5X6
PTGES2	A0A7I2YQ70
PTGES2	A6NHH0
PTGES2	Q9H7Z7
PTGES2	X6RJ95
PTPRU	L8ECC6
PTPRU	Q92729
PUSL1	J3KTG4
PUSL1	Q8N0Z8
PVR	A0A0A0MSA9
PVR	A0A0C4DG49
PVR	F8W7D4
PVR	K7EMC6
PVR	P15151
QSOX2	H0Y430
QSOX2	Q6ZRP7
RAB10	P61026
RAB10	Q53SX4
RAB10	Q53T70
RAB10	Q9UL28
RAB14	A0A024R845
RAB14	P61106
RAB14	X6RFL8
RAB18	A0A087X163
RAB18	H0Y6T8
RAB18	Q5W0J0
RAB18	Q9NP72
RAB1A	E7END7
RAB1A	P62820
RAB1A	Q5U0I6
RAB2A	A0A1D5RMT4
RAB2A	E9PKL7
RAB2A	H0YD31
RAB2A	H0YDL5
RAB2A	H7C125
RAB2A	P61019
RAB43	C9JFM7
RAB43	Q86YS6
RAB5C	A0A024R1U4
RAB5C	F8VSF8
RAB5C	F8VVK3
RAB5C	F8VWU4
RAB5C	K7ENY4
RAB5C	P51148
RAB7A	A0A158RFU6
RAB7A	A0A6Q8PF79
RAB7A	A0A6Q8PG52
RAB7A	A0A6Q8PGE6
RAB7A	A0A6Q8PH84
RAB7A	C9IZZ0
RAB7A	C9J4S4
RAB7A	C9J4V0
RAB7A	C9J592
RAB7A	C9J7D1
RAB7A	C9J8S3
RAB7A	P51149
RAB8A	A0A024R7I3
RAB8A	P61006
RAD23B	H0Y579
RAD23B	L8EA19
RAD23B	P54727
RAD23B	Q5W0S4
RAD23B	Q5W0S5
RAD54L2	H0Y760
RAD54L2	Q9Y4B4
RAE1	B0QZ36
RAE1	B0QZ37
RAE1	E9PPG9
RAE1	E9PQ57
RAE1	L0R530
RAE1	P78406
RALA	C9JPE8
RALA	H7C3P7
RALA	P11233
RALY	L8E7Y8
RALY	Q53GL6
RALY	Q5QPL9
RALY	Q5QPM0
RALY	Q5QPM1
RALY	Q5QPM2
RALY	Q9UKM9
RALYL	B3KT61
RALYL	E5RG71
RALYL	E5RIX9
RALYL	E5RJ39
RALYL	Q86SE5
RAP1GDS1	D6RB97
RAP1GDS1	D6RBC6
RAP1GDS1	D6RC12
RAP1GDS1	D6RC85
RAP1GDS1	D6REZ0
RAP1GDS1	D6RHH8
RAP1GDS1	D6RHZ7
RAP1GDS1	H0Y8M2
RAP1GDS1	P52306
RAP1GDS1	U3KQJ4
RBBP4	C9JPP3
RBBP4	E9PIC4
RBBP4	E9PND5
RBBP4	E9PNS2
RBBP4	E9PNS6
RBBP4	H0YCT5
RBBP4	H0YDK2
RBBP4	H0YEU5
RBBP4	H0YF10
RBBP4	Q09028
RBBP7	C9J7L0
RBBP7	C9JAJ9
RBBP7	E9PC52
RBBP7	Q16576
RBBP7	Q5JNZ6
RBBP7	Q5JP01
RBBP7	Q5JP02
RBBP7	Q6FHQ0
RBM25	E9PQU5
RBM25	E9PSE8
RBM25	H0YE46
RBM25	L8EB35
RBM25	P49756
RBM28	A0A024R753
RBM28	A0A0S2Z5E5
RBM28	C9JAA9
RBM28	C9JE21
RBM28	H7C5G8
RBM28	L8ECH6
RBM28	Q9NW13
RBM41	H0Y6F9
RBM41	Q96IZ5
RBX1	P62877
RDX	A0A2R8Y4H6
RDX	A0A2R8Y5P0
RDX	A0A2R8Y5S7
RDX	A0A2R8Y7M3
RDX	B0YJ88
RDX	E9PKN5
RDX	E9PN07
RDX	E9PNP4
RDX	E9PNV3
RDX	E9PQ82
RDX	E9PRS5
RDX	P35241
RDX	Q05CU6
RDX	Q6PKD3
REEP3	A0A0U1RR85
REEP3	Q6NUK4
REEP3	Q8WV73
REEP3	X5D7U8
REEP3	X5DP57
REEP3	X5DR89
REEP5	B7Z332
REEP5	B7Z510
REEP5	E2QRG8
REEP5	H0Y8J8
REEP5	Q00765
REEP6	A0A1L5BXV2
REEP6	A8MXN1
REEP6	Q96HR9
RETREG3	K7EJ34
RETREG3	K7EJ42
RETREG3	K7ELM8
RETREG3	K7EMF4
RETREG3	K7ENF4
RETREG3	K7ENZ6
RETREG3	K7EPD0
RETREG3	K7EQI9
RETREG3	Q86VR2
RHOA	A0A024R324
RHOA	A0A0B6XK12
RHOA	A0A7I2V3G1
RHOA	A0A7I2V5E6
RHOA	A0A7I2YQV1
RHOA	C9JNR4
RHOA	C9JRM1
RHOA	C9JX21
RHOA	P61586
RIPK1	A0A024QZU0
RIPK1	A0A7I2V404
RIPK1	A0A7I2V5Y1
RIPK1	Q13546
RNF41	A0A024RB33
RNF41	F8VNZ6
RNF41	F8VSB6
RNF41	F8VSE5
RNF41	F8VSP7
RNF41	F8VVY2
RNF41	Q9H4P4
ROBO2	A0A087WWM5
ROBO2	F8W703
ROBO2	F8WBR3
ROBO2	H7C4J7
ROBO2	H7C4U9
ROBO2	H7C4V8
ROBO2	H7C4W9
ROBO2	H9XFA4
ROBO2	Q9HCK4
ROBO2	R4GMM8
RPL10	A6QRI9
RPL10	B8A6G2
RPL10	F8W7C6
RPL10	H7C123
RPL10	H7C2C5
RPL10	H7C2U2
RPL10	P27635
RPL10	Q9GZW2
RPL10	X1WI28
RPL10	X5D2T3
RPL10	X5D2W5
RPL10	X5D7P1
RPL26	J3KS10
RPL26	J3KSS0
RPL26	J3QQV1
RPL26	J3QRC4
RPL26	J3QRI7
RPL26	P61254
RPL26	Q6IBH6
RPL29	A0A024R326
RPL29	A0A3B3ITT5
RPL29	C9IYI4
RPL29	F8WF43
RPL29	P47914
RPL29	Q6IPI1
RPL35	A0A024R866
RPL35	F2Z388
RPL35	P42766
RPL36	J3KTD3
RPL36	J3QSB5
RPL36	Q9BYF3
RPL36	Q9Y3U8
RPS19	A0A075B6E2
RPS19	B0ZBD0
RPS19	M0QYF7
RPS19	M0R140
RPS19	M0R2L9
RPS19	P39019
RPS27A	J3QTR3
RPS27A	P62979
RPS27A	Q49A90
RPS27A	Q5RKT7
RPS27A	Q8WYN9
RPSA	A0A024R2L6
RPSA	A0A0C4DG17
RPSA	C9J9K3
RPSA	F8WD59
RPSA	P08865
RPSA	Q96RS2
RRBP1	A0A087WU26
RRBP1	A0A087WVV2
RRBP1	A1A5C4
RRBP1	A1A5C5
RRBP1	A2A2S5
RRBP1	A7BI36
RRBP1	F8W7S5
RRBP1	Q32NB1
RRBP1	Q9P2E9
RRBP1	V9GY78
RRP9	O43818
RTN4	A0A0U1RQR6
RTN4	C9J685
RTN4	D6W5C2
RTN4	F8W914
RTN4	H7C106
RTN4	Q53R94
RTN4	Q53RF4
RTN4	Q53SY1
RTN4	Q6IPN0
RTN4	Q9NQC3
RUNX3	A0A024RAH4
RUNX3	Q13761
RYBP	L8ECE1
RYBP	Q8N488
S100A10	D3DV26
S100A10	P60903
S100A10	Q6FGE5
SAAL1	E9PL53
SAAL1	E9PMD2
SAAL1	E9PRZ1
SAAL1	H0YCN7
SAAL1	H0YDM3
SAAL1	H0YEK5
SAAL1	J3KND1
SAAL1	Q96ER3
SBNO1	A3KN83
SCAP	A0A0A0MTG6
SCAP	C9JFY0
SCAP	C9JQ35
SCAP	D6RA39
SCAP	F8W921
SCAP	F8W9W7
SCAP	F8WDP3
SCAP	F8WEH8
SCAP	Q12770
SCAP	Q6PIX8
SCARB1	A0A024RBS4
SCARB1	A0A0S2Z3I2
SCARB1	A0A0S2Z3N2
SCARB1	A0A7P0T913
SCARB1	A0A7P0T9B3
SCARB1	A0A7P0T9I2
SCARB1	A0A7P0Z4E3
SCARB1	A0A7P0Z4J8
SCARB1	B7ZKQ9
SCARB1	F5H4X0
SCARB1	F5H5E8
SCARB1	Q8WTV0
SCCPDH	A0A384NPM7
SCCPDH	Q8NBX0
SCN3B	A0A024R3H7
SCN3B	A0A590UJ13
SCN3B	A0A590UJQ5
SCN3B	Q9NY72
SCN4B	B0YJ93
SCN4B	Q8IWT1
SDF2	K7ELH6
SDF2	K7ELI9
SDF2	Q6IBU4
SDF2	Q99470
SDHB	A0A087WWT1
SDHB	A0A087WXX8
SDHB	P21912
SDHB	Q70SX8
SELENOS	A0A182DWI4
SELENOS	E9PN30
SELENOS	Q9BQE4
SELENOW	A0A087WX02
SELENOW	F8WB74
SELENOW	M0QYX1
SELENOW	P63302
SEMA4B	H0YKV7
SEMA4B	H0YLN3
SEMA4B	H0YM68
SEMA4B	H0YMD6
SEMA4B	H0YMR1
SEMA4B	H0YMZ3
SEMA4B	H0YN49
SEMA4B	H0YNC4
SEMA4B	H0YNM2
SEMA4B	Q4VBY2
SEMA4B	Q9NPR2
SEMA5B	A0A3B3IRP9
SEMA5B	A0A3B3IT43
SEMA5B	B5ME80
SEMA5B	C9JKR3
SEMA5B	C9JTV9
SEMA5B	C9JTX2
SEMA5B	F8WAT5
SEMA5B	H0Y5U2
SEMA5B	Q9P283
SEPSECS	A0A7P0TA23
SEPSECS	A0A7P0Z4P3
SEPSECS	A1A4F3
SEPSECS	H0Y9D2
SEPSECS	J3KP25
SEPSECS	Q9HD40
SEPTIN9	A0A0J9YWJ2
SEPTIN9	A0A6Q8PHC2
SEPTIN9	K7EIE4
SEPTIN9	K7EJ51
SEPTIN9	K7EJV0
SEPTIN9	K7EJZ2
SEPTIN9	K7EK18
SEPTIN9	K7EKN4
SEPTIN9	K7EL40
SEPTIN9	K7EMW8
SEPTIN9	K7EN52
SEPTIN9	K7ENL0
SEPTIN9	K7ENQ5
SEPTIN9	K7EPY1
SEPTIN9	K7EQ08
SEPTIN9	K7EQD7
SEPTIN9	K7ER14
SEPTIN9	K7ER34
SEPTIN9	K7ER52
SEPTIN9	Q9UHD8
SEPW1	A0A024R0V8
SERPINA1	A0A024R6I7
SERPINA1	A0A0B4J278
SERPINA1	A0A0G2JRN3
SERPINA1	A0A0S2Z465
SERPINA1	A0A1L7B5J3
SERPINA1	E9KL23
SERPINA1	G3V2B9
SERPINA1	G3V387
SERPINA1	G3V4I7
SERPINA1	G3V544
SERPINA1	G3V5R8
SERPINA1	P01009
SERPINB13	A0A0A0MQW3
SERPINB13	B7ZKV6
SERPINB13	C9JL93
SERPINB13	F8WE70
SERPINB13	H7BZS9
SERPINB13	Q9UIV8
SERTAD4	Q9NUC0
SF3A1	A0A024R1K8
SF3A1	F8WB66
SF3A1	F8WC79
SF3A1	H7C1L2
SF3A1	Q15459
SH3YL1	C9J4Z8
SH3YL1	C9JJI3
SH3YL1	F5GYQ6
SH3YL1	H7C1B8
SH3YL1	H7C499
SH3YL1	Q96HL8
SH3YL1	S4R3I7
SIAH1	B5BU17
SIAH1	H3BU09
SIAH1	Q8IUQ4
SIGLEC11	H7C2S0
SIGLEC11	Q96RL6
SIGLEC12	M0QYF3
SIGLEC12	Q96PQ1
SIGLEC14	Q08ET2
SIGMAR1	A0A7P0T9D5
SIGMAR1	A0A7P0TA12
SIGMAR1	A0A7P0Z4C2
SIGMAR1	B4DR71
SIGMAR1	Q5T1J1
SIGMAR1	Q99720
SIL1	A0A0S2Z5K6
SIL1	A0A0S2Z6B4
SIL1	A0RZB6
SIL1	A0RZG6
SIL1	D6R940
SIL1	D6RAI3
SIL1	D6RBP7
SIL1	D6REA1
SIL1	D6RG16
SIL1	D6RIU8
SIL1	Q9H173
SIRT5	A0A024R012
SIRT5	A0A7P0T877
SIRT5	A0A7P0T915
SIRT5	A0A7P0T9N1
SIRT5	A0A7P0T9X1
SIRT5	A0A7P0TA05
SIRT5	A0A7P0TBF5
SIRT5	A0A7P0Z490
SIRT5	A0A7P0Z4F6
SIRT5	A0A7P0Z4N6
SIRT5	Q7Z3A0
SIRT5	Q9NXA8
SIRT5	U3KQT8
SKP1	E5RGM3
SKP1	E5RGM4
SKP1	E5RHM3
SKP1	E5RJR5
SKP1	E5RK33
SKP1	E7ERH2
SKP1	F8W8N3
SKP1	P63208
SLAMF6	Q96DU3
SLC25A18	A0A024R0W0
SLC25A18	Q9H1K4
SLC25A2	Q9BXI2
SLC25A21	Q9BQT8
SLC25A26	H0YCZ5
SLC25A26	H0YF50
SLC25A26	H7C430
SLC25A26	Q70HW3
SLC25A5	P05141
SLC25A5	Q6NVC0
SLC27A1	B7Z225
SLC27A1	M0QXY2
SLC27A1	M0QZC9
SLC27A1	Q6PCB7
SLC27A1	Q96DY3
SLC27A2	G3V1R7
SLC27A2	O14975
SLC28A1	B7Z3L6
SLC28A1	O00337
SLC28A3	Q9HAS3
SLC29A1	A0A0S2C6M1
SLC29A1	A0A220K8H0
SLC29A1	A0A2R8Y567
SLC29A1	A0A2R8Y6D1
SLC29A1	A0A2R8Y801
SLC29A1	A0A2R8Y854
SLC29A1	A0A2R8YEH8
SLC29A1	A0A2R8YFB9
SLC29A1	A0A2R8YFI6
SLC29A1	A0A2U3TZJ7
SLC29A1	A0A2U3TZM5
SLC29A1	A0A2U3TZM6
SLC29A1	C8KHU1
SLC29A1	C8KHU2
SLC29A1	Q99808
SLC29A2	G5E943
SLC29A2	Q14542
SLC29A3	A0A2R8Y4B7
SLC29A3	A0A2R8Y4I0
SLC29A3	A0A2R8Y5R8
SLC29A3	A0A2R8Y5U2
SLC29A3	A0A2R8Y657
SLC29A3	A0A2R8Y863
SLC29A3	A0A2R8YDA4
SLC29A3	A0A2R8YDR8
SLC29A3	A0A2R8YGC2
SLC29A3	Q9BZD2
SLC2A1	A0A0D9SFK9
SLC2A1	A0A0D9SG74
SLC2A1	A0A1W2PQ59
SLC2A1	A0A590UJ26
SLC2A1	A0A6Q8PFI8
SLC2A1	A6NL68
SLC2A1	P11166
SLC30A2	Q9BRI3
SLC30A6	B3KU87
SLC30A6	B5MCR8
SLC30A6	C9JZR9
SLC30A6	F8WCU3
SLC30A6	F8WD78
SLC30A6	F8WEL5
SLC30A6	Q6NXT4
SLC30A7	H0Y362
SLC30A7	Q8NEW0
SLC30A9	A0A024R9W8
SLC30A9	A0A0S2Z512
SLC30A9	A0A0S2Z514
SLC30A9	D6R9M6
SLC30A9	Q6PML9
SLC44A2	A0A024R798
SLC44A2	A0A024R7D2
SLC44A2	A0A088QCU6
SLC44A2	A0A088QF11
SLC44A2	A0A0S2YRM7
SLC44A2	A0A140TA83
SLC44A2	K7EMN3
SLC44A2	K7EMR2
SLC44A2	K7EPV6
SLC44A2	K7ER17
SLC44A2	K7ESF5
SLC44A2	K7ESP7
SLC44A2	Q8IWA5
SLC44A3	E9PIC5
SLC44A3	F8W7F3
SLC44A3	H0YD35
SLC44A3	H0YDW5
SLC44A3	Q8N4M1
SLC47A1	E7EX57
SLC47A1	I3L345
SLC47A1	J3KRZ3
SLC47A1	J3KSS8
SLC47A1	Q96FL8
SLC5A7	Q2T9H3
SLC5A7	Q9GZV3
SLC9A3R1	J3QRA3
SLC9A3R1	J3QRP6
SLC9A3R1	O14745
SLIRP	A0A087WUN7
SLIRP	G3V2S9
SLIRP	G3V4X6
SLIRP	H0YJ07
SLIRP	H0YJ40
SLIRP	H0YJI1
SLIRP	H0YJU7
SLIRP	H0YJW7
SLIRP	Q9GZT3
SLU7	A0A0C4DGD2
SLU7	E5RGM7
SLU7	E5RK41
SLU7	O95391
SMAD3	A0A024R5Z3
SMAD3	H0YKE2
SMAD3	H0YL71
SMAD3	H0YMP2
SMAD3	H0YMY0
SMAD3	H0YNV1
SMAD3	H3BP09
SMAD3	H3BQ00
SMAD3	H3BVD1
SMAD3	P84022
SMAD4	A0A024R274
SMAD4	A0A087WUF3
SMAD4	A0A0S2Z4B2
SMAD4	K7EIJ2
SMAD4	K7EIU8
SMAD4	K7EL15
SMAD4	K7EL18
SMAD4	K7ELK2
SMAD4	K7ENG1
SMAD4	K7ES96
SMAD4	Q13485
SMAD4	Q9BYG6
SMAD4	U6BGT8
SMAD4	U6BKH8
SMARCA1	A0A0A0MRP6
SMARCA1	B7ZLQ5
SMARCA1	P28370
SMARCA1	Q86UA8
SMARCA4	A0A0A0MT49
SMARCA4	A0A2R8Y440
SMARCA4	A0A2R8Y4C5
SMARCA4	A0A2R8Y4P4
SMARCA4	A0A2R8Y4R6
SMARCA4	A0A2R8Y523
SMARCA4	A0A2R8Y526
SMARCA4	A0A2R8Y583
SMARCA4	A0A2R8Y5K3
SMARCA4	A0A2R8Y6N0
SMARCA4	A0A2R8Y6V2
SMARCA4	A0A2R8Y7F3
SMARCA4	A0A2R8Y7R0
SMARCA4	A0A2R8Y7S2
SMARCA4	A0A2R8Y7Y7
SMARCA4	A0A2R8Y866
SMARCA4	A0A2R8YCY3
SMARCA4	A0A2R8YDA1
SMARCA4	A0A2R8YF38
SMARCA4	A0A2R8YF58
SMARCA4	A0A2R8YF80
SMARCA4	A0A2R8YFK5
SMARCA4	A0A2R8YFV8
SMARCA4	A0A2R8YG32
SMARCA4	A0A2R8YGG3
SMARCA4	A0A2R8YGP5
SMARCA4	A5D6X0
SMARCA4	A7E2E1
SMARCA4	B9EGQ8
SMARCA4	K7EP28
SMARCA4	K7EQF0
SMARCA4	P51532
SMARCA4	Q9HBD4
SMARCA5	O60264
SMARCA5	Q4W5G3
SMARCA5	Q4W5H1
SMARCB1	A0A0G2JRV3
SMARCB1	A0A0G2JSE9
SMARCB1	A0A0U1RQQ2
SMARCB1	A0A0U1RRB8
SMARCB1	A0A2R8Y5N5
SMARCB1	A0A2R8Y5Z2
SMARCB1	A0A2R8YDN6
SMARCB1	A0A2R8YEE8
SMARCB1	B5MCL5
SMARCB1	C9JTA6
SMARCB1	G5E975
SMARCB1	Q12824
SMARCB1	Q6Q321
SMARCB1	Q86WI6
SMARCB1	Q86WI7
SMARCB1	Q86WI8
SMARCC1	F8WE13
SMARCC1	Q05BW5
SMARCC1	Q05CR1
SMARCC1	Q58EY4
SMARCC1	Q92922
SMARCC2	A0A024RB22
SMARCC2	F8VXC8
SMARCC2	F8VZW6
SMARCC2	Q8TAQ2
SMARCD1	A0A024R102
SMARCD1	A0A024R137
SMARCD1	F8VRQ4
SMARCD1	F8VUB0
SMARCD1	F8VW95
SMARCD1	F8VZ70
SMARCD1	H0YHV1
SMARCD1	L8EC99
SMARCD1	Q96GM5
SMARCD2	B9EGA3
SMARCD2	J3KMX2
SMARCD2	J3KT18
SMARCD2	J3QQL7
SMARCD2	J3QS33
SMARCD2	J3QWB6
SMARCD2	Q92925
SMARCE1	A0A024R1S7
SMARCE1	A0A2R8Y4T4
SMARCE1	A0A2R8Y765
SMARCE1	A0A2R8Y7I9
SMARCE1	A0A2R8Y7U4
SMARCE1	A0A2R8Y855
SMARCE1	A0A2R8YD78
SMARCE1	A0A2R8YDD9
SMARCE1	A0A2R8YDQ4
SMARCE1	A0A2R8YEB8
SMARCE1	A0A2R8YES3
SMARCE1	A0A2R8YFC8
SMARCE1	A0A2U3TZQ7
SMARCE1	B4DGM3
SMARCE1	J3KT85
SMARCE1	J3QKS7
SMARCE1	J3QKX6
SMARCE1	J3QL66
SMARCE1	J3QR61
SMARCE1	J3QS32
SMARCE1	Q969G3
SMG5	Q9UPR3
SMOC1	A0A024R6E0
SMOC1	Q9H4F8
SNIP1	A0A1W2PRA0
SNIP1	B1AK66
SNIP1	Q8TAD8
SORCS1	A0A087WTI0
SORCS1	A0A087WTQ9
SORCS1	A0A0A0MRC2
SORCS1	A8K182
SORCS1	E6Y3F9
SORCS1	E6Y3G0
SORCS1	H7C2U3
SORCS1	Q8WY21
SORCS1	X6R7D6
SPART	Q8N0X7
SPCS3	D3DP46
SPCS3	P61009
SPINT2	K7EJS4
SPINT2	K7EKC8
SPINT2	K7EKQ0
SPINT2	K7EM91
SPINT2	K7ES27
SPINT2	K7ESI5
SPINT2	O43291
SPINT2	Q6LEU8
SPTBN5	Q9NRC6
SPTY2D1	Q68D10
SQSTM1	C9J6J8
SQSTM1	C9JRJ8
SQSTM1	D6RBF1
SQSTM1	E3W990
SQSTM1	E7EMC7
SQSTM1	E9PFW8
SQSTM1	Q13501
SRP19	A0A087WWU9
SRP19	A0A087WYR0
SRP19	A0A2R8Y4M3
SRP19	A0A2U3TZN1
SRP19	D6RBG4
SRP19	P09132
SRP54	A0A7I2V584
SRP54	A0A7I2V591
SRP54	A0A7I2V5K0
SRP54	A0A7I2V5S0
SRP54	A0A7P0PJI2
SRP54	B4DDS7
SRP54	G3V346
SRP54	G3V3L9
SRP54	G3V480
SRP54	G3V4F7
SRP54	P61011
SRP72	A0PJJ5
SRP72	D6RDY6
SRP72	O76094
SRP72	Q0D2M6
SRP72	Q86X80
SRP72	R4GNC1
SSB	B5BUB5
SSB	E7ERC4
SSB	E9PFL9
SSB	E9PGX9
SSB	P05455
STAT1	A0A510GDC6
STAT1	A0A669KB17
STAT1	A0A669KB52
STAT1	A0A669KB53
STAT1	A0A669KB56
STAT1	A0A669KB68
STAT1	A0A669KB75
STAT1	A0A669KBA4
STAT1	A0A669KBI6
STAT1	A0A669KBK4
STAT1	D2KFR9
STAT1	E7ENM1
STAT1	E7EPD2
STAT1	E9PH66
STAT1	J3KPM9
STAT1	P42224
STAT1	Q67C41
STAT1	Q9UK44
STAT3	A0A7I2V2G1
STAT3	A0A7I2V2T1
STAT3	A0A7I2V395
STAT3	A0A7I2V3V0
STAT3	A0A7I2V444
STAT3	A0A7I2V4C8
STAT3	A0A7I2V4F6
STAT3	A0A7I2V4R2
STAT3	A0A7I2V4R3
STAT3	A0A7I2V552
STAT3	A0A7I2V5N9
STAT3	A0A7I2YQD2
STAT3	A0A7I2YQI1
STAT3	A0A7I2YQR5
STAT3	B5BTZ6
STAT3	G8JLH9
STAT3	P40763
STAT3	Q9BXH2
STC2	E5RG57
STC2	H0YB13
STC2	O76061
STC2	Q6FHC9
STOM	A0A024R882
STOM	F8VSL7
STOM	P27105
STOML2	A0A087WYB4
STOML2	F2Z2I8
STOML2	Q9UJZ1
STRAP	F5H1G1
STRAP	H0YH33
STRAP	Q9Y3F4
STT3A	A0A0C4DH80
STT3A	E9PI32
STT3A	E9PN73
STT3A	H0YET6
STT3A	P46977
SUMO2	A0A024R8S3
SUMO2	J3KRH1
SUMO2	P61956
SUN2	B0QY60
SUN2	B0QY63
SUN2	B0QY64
SUN2	B0QY65
SUN2	B0QY66
SUN2	B0QY67
SUN2	B0QY68
SUN2	B0QY69
SUN2	H0Y686
SUN2	Q9UH99
SYT8	A6NCR4
SYT8	C9J253
SYT8	C9K032
SYT8	F8WBL4
SYT8	H0Y3G9
SYT8	Q8NBV8
TAF1	H0Y8N6
TAF1	H0Y9L7
TAF1	H7BY98
TAF1	H7C2K9
TAF1	L8EAA9
TAF1	P21675
TAF13	A0A024R089
TAF13	Q0VA92
TAF13	Q15543
TAPT1	D6RBK3
TAPT1	H0Y916
TAPT1	H0Y985
TAPT1	Q6NXT6
TARM1	A0A087X1Q6
TARM1	B6A8C7
TARS2	F6S7Q7
TARS2	Q5T5E9
TARS2	Q9BW92
TARS2	U3KQ50
TARS2	U3KQG0
TBCA	A0A494C144
TBCA	E5RHG6
TBCA	E5RIW3
TBCA	E5RIX8
TBCA	E5RJD8
TBCA	E5RJM1
TBCA	O75347
TBCA	Q6FGD7
TBK1	A0A494BZY3
TBK1	A0A494C045
TBK1	A0A494C079
TBK1	A0A494C0A8
TBK1	A0A494C0R4
TBK1	A0A494C0X2
TBK1	A0A494C148
TBK1	A0A494C167
TBK1	A0A494C1I2
TBK1	A0A494C1M6
TBK1	A0A7I2V2F4
TBK1	A0A7I2V2N0
TBK1	A0A7I2V2N9
TBK1	A0A7I2V2V9
TBK1	A0A7I2V322
TBK1	A0A7I2V387
TBK1	A0A7I2V3B7
TBK1	A0A7I2V3E0
TBK1	A0A7I2V3P0
TBK1	A0A7I2V3S9
TBK1	A0A7I2V3Y6
TBK1	A0A7I2V463
TBK1	A0A7I2V476
TBK1	A0A7I2V4C0
TBK1	A0A7I2V4M2
TBK1	A0A7I2V4M8
TBK1	A0A7I2V4S0
TBK1	A0A7I2V4W4
TBK1	A0A7I2V4Y1
TBK1	A0A7I2V4Z2
TBK1	A0A7I2V502
TBK1	A0A7I2V573
TBK1	A0A7I2V5W0
TBK1	A0A7I2V5Y4
TBK1	A0A7I2V5Z0
TBK1	A0A7I2V615
TBK1	A0A7I2V636
TBK1	A0A7I2V643
TBK1	A0A7I2V646
TBK1	A0A7I2YQG1
TBK1	A0A7I2YQG4
TBK1	A0A7I2YQM3
TBK1	F5GZI4
TBK1	F5H1A3
TBK1	F5H206
TBK1	Q9UHD2
TBKBP1	A7MCY6
TBKBP1	D3DTT5
TBKBP1	F5H1U4
TBKBP1	J3KS71
TCF12	A0A024R5T1
TCF12	A0A024R5Z0
TCF12	B4DGI9
TCF12	B4DZP2
TCF12	F5GY10
TCF12	H0YML2
TCF12	H0YNP8
TCF12	H0YNQ5
TCF12	H3BNF4
TCF12	H3BRK2
TCF12	Q99081
TCF12	Q9NQY1
TCF12	Q9NQY2
TCF12	Q9NQY3
TCF12	Q9NQY4
TCF12	Q9NQY5
TCF12	Q9NQY6
TCF12	Q9NQY7
TCF12	Q9NQY8
TCF12	Q9NQY9
TDP1	A0A024R6L5
TDP1	E7EPD8
TDP1	G3V2F4
TDP1	G3V2J6
TDP1	G3V2U6
TDP1	G3V3Q0
TDP1	G3V4W8
TDP1	G3V554
TDP1	G3V5B8
TDP1	G3V5F9
TDP1	G3V5H9
TDP1	H0YJ44
TDP1	H0YJL7
TDP1	Q32Q25
TDP1	Q9BRS7
TDP1	Q9NUW8
TECR	M0R2E5
TECR	M0R2N5
TECR	M0R329
TECR	M0R3C3
TECR	Q9NZ01
TFRC	F8WBE5
TFRC	G3V0E5
TFRC	H7C3V5
TFRC	P02786
TGFB1	A0A024R0P8
TGFB1	A0A078BBI5
TGFB1	A0A078BC11
TGFB1	A0A078BCH8
TGFB1	A0A078BCJ0
TGFB1	A0A078BFK3
TGFB1	A0A499FJK2
TGFB1	A0A7I2V5Z9
TGFB1	A0A7I2YQL8
TGFB1	B2C8Z3
TGFB1	P01137
TGFB1	Q49IK8
TGFB1	Q49IL8
TGFB1	Q7Z487
TGFB1	Q7Z488
TGFB1	Q86YU2
THTPA	G3V5B9
THTPA	G3V5Q5
THTPA	H0YJU8
THTPA	Q9BU02
TIMM10	P62072
TIMM10B	F2Z2B0
TIMM10B	Q9Y5J6
TIMM29	K7ENF5
TIMM29	Q9BSF4
TIMM8B	E9PIR3
TIMM8B	G3XAN8
TIMM8B	Q9Y5J9
TIMM9	A0A024R648
TIMM9	A0A1W2PQS5
TIMM9	A0A1W2PRH9
TIMM9	G3V2F3
TIMM9	G3V502
TIMM9	Q9Y5J7
TLE1	A0A669KAE5
TLE1	A0A669KBB1
TLE1	A0A669KBK8
TLE1	F6T2C8
TLE1	Q04724
TLE1	Q5T3G2
TLE1	Q5T3G3
TLE3	A0A0D9SES8
TLE3	H0YKH0
TLE3	H0YKH5
TLE3	H0YKN8
TLE3	H0YKT5
TLE3	H0YL70
TLE3	H0YLI3
TLE3	H0YLW9
TLE3	H0YNI7
TLE3	H0YNT2
TLE3	Q04726
TLE3	Q672R2
TLE3	Q6PRX2
TLE3	Q6PRX3
TLE5	K7ELE3
TLE5	K7ELQ8
TLE5	K7EQH5
TLE5	Q08117
TLR7	A0A2R4P7N7
TLR7	A0A2R4P7Q4
TLR7	A0A2R4P812
TLR7	B2R9N9
TLR7	D1CS68
TLR7	Q9NYK1
TLR8	Q495P6
TLR8	Q495P7
TLR8	Q9NR97
TLR9	A0A2R4P858
TLR9	A0A2R4P8E0
TLR9	B6CH46
TLR9	C3W5P5
TLR9	D1CS61
TLR9	D1CS62
TLR9	L0R5D6
TLR9	L8E8B9
TLR9	Q9NR96
TM2D3	B3KT51
TM2D3	E7EPS7
TM2D3	H0YM84
TM2D3	H0YNF6
TM2D3	H0YNS4
TM2D3	H3BSX6
TM2D3	Q9BRN9
TMBIM6	A0A0G2JKZ4
TMBIM6	F8VPI1
TMBIM6	F8VQQ5
TMBIM6	F8VQW0
TMBIM6	F8VR05
TMBIM6	F8VSI7
TMBIM6	F8VVJ4
TMBIM6	F8VX73
TMBIM6	F8VY06
TMBIM6	F8W086
TMBIM6	F8W1G3
TMBIM6	F8W1V3
TMBIM6	F8W201
TMBIM6	P55061
TMCO1	A0A0D9SEL8
TMCO1	B7Z591
TMCO1	J3KS45
TMCO1	J3KTQ7
TMCO1	J3QQY2
TMCO1	J3QRB3
TMCO1	L8EA41
TMCO1	Q9UM00
TMED5	B1AKT3
TMED5	M0R072
TMED5	Q49AG2
TMED5	Q9Y3A6
TMEM39B	F8WB89
TMEM39B	Q5VVU5
TMEM39B	Q9BT39
TMEM39B	Q9GZU3
TMEM39B	Q9NW51
TMEM97	A0A024QZ41
TMEM97	J3KT68
TMEM97	J3KTD1
TMEM97	Q5BJF2
TMEM97	Q86XC5
TMIGD3	A0A0J9YY46
TMIGD3	P0DMS9
TMIGD3	Q5QNY8
TMX3	B4DIE3
TMX3	H3BPB3
TMX3	H3BRY0
TMX3	H3BT89
TMX3	H3BVI1
TMX3	Q3B7X1
TMX3	Q96JJ7
TNFAIP8	D6RCM8
TNFAIP8	E5RIJ3
TNFAIP8	J3KQT8
TNFAIP8	O95379
TOMM34	Q15785
TOMM70	O94826
TOR1A	A0A494BZT7
TOR1A	B4DGM9
TOR1A	O14656
TOR1AIP1	A0A0A0MSK5
TOR1AIP1	H0Y4R4
TOR1AIP1	H0YD16
TOR1AIP1	H0YDJ8
TOR1AIP1	H0YDU3
TOR1AIP1	J3KN66
TOR1AIP1	Q5JTV8
TP53	A0A087WT22
TP53	A0A087WXZ1
TP53	A0A087X1Q1
TP53	A0A0A0U7X4
TP53	A0A0M4B4Y9
TP53	A0A0R9RRX7
TP53	A0A0U1RQC9
TP53	A0A1B1PFC7
TP53	A0A1B1PFD4
TP53	A0A1D8V7A7
TP53	A0A218MJB0
TP53	A0A218MJC8
TP53	A0A218MJD5
TP53	A0A218MJD9
TP53	A0A218MJE1
TP53	A0A218MJE5
TP53	A0A218MJF3
TP53	A0A346XLN8
TP53	A0A346XLN9
TP53	A0A346XLP0
TP53	A0A346XLP1
TP53	A0A346XLP2
TP53	A0A346XLP3
TP53	A0A346XLP5
TP53	A0A346XLP6
TP53	A0A346XLP7
TP53	A0A346XLP8
TP53	A0A346XLP9
TP53	A0A346XLQ1
TP53	A0A346XLR1
TP53	A0A346XLR9
TP53	A0A346XLS5
TP53	A0A346XLS6
TP53	A0A346XLS7
TP53	A0A346XLS8
TP53	A0A346XLS9
TP53	A0A346XLT0
TP53	A0A346XLT1
TP53	A0A346XLT2
TP53	A0A346XLT3
TP53	A0A346XLT4
TP53	A0A346XLU1
TP53	A0A346XLW0
TP53	A0A346XLW4
TP53	A0A346XLW8
TP53	A0A346XLX0
TP53	A0A346XLX2
TP53	A0A346XLX3
TP53	A0A346XLX5
TP53	A0A346XLY3
TP53	A0A346XLY6
TP53	A0A346XM05
TP53	A0A346XM06
TP53	A0A346XM22
TP53	A0A346XM28
TP53	A0A346XM34
TP53	A0A346XM38
TP53	A0A346XM39
TP53	A0A346XM40
TP53	A0A346XM43
TP53	A0A346XM49
TP53	A0A346XM50
TP53	A0A346XM51
TP53	A0A346XM56
TP53	A0A386NBZ1
TP53	A0A386NC20
TP53	A0A386NC22
TP53	A0A386NC25
TP53	A0A386NC55
TP53	A0A386NC62
TP53	A0A386NCA6
TP53	A0A386NCB1
TP53	A0A386NCU2
TP53	A0A386NCW8
TP53	A0A386NCX4
TP53	A0A386NDA8
TP53	A0A386NDB3
TP53	A0A386NFX3
TP53	A0A386NFY2
TP53	A0A386NG45
TP53	A0A386YR42
TP53	A0A3Q8QC73
TP53	A0A514TSZ1
TP53	A0A514TSZ6
TP53	A0A514TSZ9
TP53	A0A514TT08
TP53	A0A514TT13
TP53	A0A514TT20
TP53	A0A514TT23
TP53	A0A514TT34
TP53	A0A514TT40
TP53	A0A514TT49
TP53	A0A514TT50
TP53	A0A514TT61
TP53	A2I9Y7
TP53	A2I9Z0
TP53	A2I9Z1
TP53	A2I9Z2
TP53	A4GW67
TP53	A4GW74
TP53	A4GW75
TP53	A4GW76
TP53	A4GW97
TP53	A4GWB4
TP53	A4GWB5
TP53	A4GWB8
TP53	A4GWD0
TP53	B1PZ15
TP53	B4XAK8
TP53	B4XAL0
TP53	B5AKF5
TP53	B5AKF6
TP53	B5AKF7
TP53	D5KL86
TP53	D5KL87
TP53	D5KL88
TP53	D5KL89
TP53	D5KL90
TP53	E2G6R5
TP53	E5RMA8
TP53	E7EMR6
TP53	E7EQX7
TP53	E7ESS1
TP53	E9PCY9
TP53	E9PFT5
TP53	H2EHT1
TP53	I3L0W9
TP53	J3KP33
TP53	K7PPA8
TP53	K7PPU4
TP53	L0ENF7
TP53	L0ENG6
TP53	L0ENG9
TP53	L0EP82
TP53	L0EP99
TP53	L0EPV7
TP53	L0EPW3
TP53	L0EPX4
TP53	L0EPY0
TP53	L0EPZ1
TP53	L0EQ03
TP53	L0EQ05
TP53	L0EQ52
TP53	L0EQ89
TP53	L0EQ92
TP53	L0EQE2
TP53	L0EQJ1
TP53	L0EQP1
TP53	L0EQP9
TP53	L0EQQ9
TP53	L0EQS1
TP53	L0EQT1
TP53	L0EQU5
TP53	L0EQV3
TP53	L0EQX3
TP53	L0EQX9
TP53	L0EQY4
TP53	L0ERB4
TP53	L0ERI9
TP53	L0ERJ3
TP53	L0ERK8
TP53	L0ERL2
TP53	L0ERS6
TP53	L0ES54
TP53	L0ES73
TP53	L0ES92
TP53	L0ESB7
TP53	L0ESQ5
TP53	P04637
TP53	Q0ZAJ9
TP53	Q0ZAK0
TP53	Q0ZAK1
TP53	Q19RW5
TP53	Q19RW6
TP53	Q1HGV0
TP53	Q1HGV1
TP53	Q1HGV2
TP53	Q1HGV3
TP53	Q1MSW8
TP53	Q1MSW9
TP53	Q1MSX0
TP53	Q2XSC7
TP53	S4R334
TP53	S5LJ04
TP53	S5LJ49
TP53	S5LJ61
TP53	S5LMC6
TP53	S5LME3
TP53	S5LMG1
TP53	S5LMI5
TP53	S5LQQ1
TP53	S5LQU3
TP53	S5LQU8
TP53	S5LQX7
TP53	S5M207
TP53	S5M224
TP53	S5M706
TP53	S5M713
TP53	U6BGT3
TP53	U6BHT9
TP53	U6BHU6
TP53	U6BI14
TP53	U6BKV7
TPD52L1	E9PNK6
TPD52L1	E9PNQ9
TPD52L1	E9PPQ1
TPD52L1	J3KNE7
TPD52L1	Q16890
TPSAB1	A0A0C4DGM1
TPSAB1	J3QTS8
TPSAB1	Q15661
TPSAB1	Q6B051
TPSAB1	Q86TM8
TPSAB1	Q86UA5
TRAF3	A0A024R6N1
TRAF3	A6NHG8
TRAF3	H0YL25
TRAF3	H0YL26
TRAF3	H0YMI8
TRAF3	Q13114
TREML1	Q86YW5
TRIM16	B3KP96
TRIM16	J3QKY5
TRIM16	J3QL38
TRIM16	J3QLP0
TRIM16	J3QR69
TRIM16	K7EJH2
TRIM16	K7EL43
TRIM16	K7ENN8
TRIM16	O95361
TRIM59	C9IY67
TRIM59	C9IZE0
TRIM59	C9J614
TRIM59	C9J9F0
TRIM59	C9JE08
TRIM59	C9JNB9
TRIM59	F5GZP3
TRIM59	Q8IWR1
TRIP12	A0A6Q8PGG9
TRIP12	A0A6Q8PHK0
TRIP12	C9JLD7
TRIP12	C9JLJ5
TRIP12	C9JSX9
TRIP12	F8W9P3
TRIP12	G5E9G6
TRIP12	H7C1L9
TRIP12	H7C2Y1
TRIP12	L0R5E3
TRIP12	Q14669
TRIP12	Q57Z94
TRMT1	A0A024R7G3
TRMT1	A0A024R7I5
TRMT1	K7EJX9
TRMT1	K7EMZ2
TRMT1	K7ENI9
TRMT1	K7EQQ8
TRMT1	K7EQU7
TRMT1	K7EQY6
TRMT1	K7ERR5
TRMT1	Q9NXH9
TRPM4	A0A087X0Z3
TRPM4	M0QX92
TRPM4	M0QYK7
TRPM4	M0QZ19
TRPM4	M0R0H1
TRPM4	M0R3H6
TRPM4	Q8TD43
TSPAN8	P19075
TTR	A0A087WT59
TTR	A0A087WV45
TTR	P02766
TTR	Q13736
TTR	Q13739
TTR	V9GZJ0
TUBA1A	A0A7P0Z4A1
TUBA1A	F8VQQ4
TUBA1A	F8VRZ4
TUBA1A	F8W0F6
TUBA1A	Q71U36
TUBGCP2	F2Z2B9
TUBGCP2	Q9BSJ2
TUBGCP2	R4GMM4
TUBGCP3	A0A087WU06
TUBGCP3	A0A087WZV5
TUBGCP3	A0A0J9YX56
TUBGCP3	A0A0J9YX63
TUBGCP3	A0A3B3ITE3
TUBGCP3	Q96CW5
TYSND1	Q2T9J0
UBA52	M0R1M6
UBA52	M0R1V7
UBA52	M0R2S1
UBA52	P62987
UBA52	Q3MIH3
UBAP2	A0A0D9SFI5
UBAP2	A2A305
UBAP2	H0YDN2
UBAP2	Q5JV08
UBAP2	Q5T6F2
UBAP2L	F8W726
UBAP2L	H0Y5H6
UBAP2L	H7C2T8
UBAP2L	Q14157
UBAP2L	Q5VU77
UBAP2L	Q5VU78
UBAP2L	Q5VU79
UBAP2L	Q5VU80
UBAP2L	Q5VU81
UBB	B4DV12
UBB	J3QKN0
UBB	J3QS39
UBB	J3QSA3
UBB	P0CG47
UBB	Q5U5U6
UBC	A8CGI2
UBC	F5GXK7
UBC	F5GYU3
UBC	F5GZ39
UBC	F5H265
UBC	F5H2Z3
UBC	F5H388
UBC	F5H6Q2
UBC	F5H747
UBC	P0CG48
UBC	Q5PY61
UBC	Q5UGI3
UBC	Q96C32
UBC	Q96H31
UBD	A0A0G2JH67
UBD	O15205
UBE2C	A0A087WVK1
UBE2C	A0A0A0MSE8
UBE2C	K4DI81
UBE2C	O00762
UBE2C	Q5TZN3
UBL5	A0A024R7B0
UBL5	K7EQ43
UBL5	Q9BZL1
UBQLN2	Q9UHD9
UBTD1	Q9HAC8
UBXN7	C9JAT7
UBXN7	C9JD50
UBXN7	F8WB69
UBXN7	H7BYF4
UBXN7	O94888
UBXN8	A0A087WT23
UBXN8	A0A087WUA4
UBXN8	A0A087WV67
UBXN8	A0A087WWA4
UBXN8	A0A087WZN0
UBXN8	A0A087X0J2
UBXN8	O00124
UGDH	D6RHF4
UGDH	E7ER83
UGDH	E7ER95
UGDH	E7ETF4
UGDH	E7EV97
UGDH	E9PBD2
UGDH	L8E902
UGDH	O60701
UGGT2	A0A1W2PQ18
UGGT2	A6NP03
UGGT2	E7EMU6
UGGT2	Q9NYU1
UHRF1	A0A087WTW0
UHRF1	A0A087WVR3
UHRF1	A0A087WWG9
UHRF1	L8ECE3
UHRF1	Q96T88
UNC5A	H0Y8R2
UNC5A	H0Y9G2
UNC5A	Q05BS3
UNC5A	Q08E75
UNC5A	Q6ZN44
UNC5D	C9J1I0
UNC5D	C9J2B6
UNC5D	E9PDS8
UNC5D	H7BXJ2
UNC5D	Q6UXZ4
UNC79	G3V2U4
UNC79	Q9P2D8
UPF1	A0A024R7L5
UPF1	A0A024R7L8
UPF1	A0A059X4U2
UPF1	A0A059XAJ5
UPF1	A0A059XAL2
UPF1	A0A059XAL6
UPF1	A0A059XAM1
UPF1	A0A059XBJ1
UPF1	A0A059XBJ6
UPF1	A0A059XG67
UPF1	A0A059XG73
UPF1	Q92900
USP13	A0A7P0T849
USP13	A0A7P0T859
USP13	A0A7P0T863
USP13	A0A7P0T873
USP13	A0A7P0T8B2
USP13	A0A7P0T8G3
USP13	A0A7P0T8S4
USP13	A0A7P0T8Y7
USP13	A0A7P0T949
USP13	A0A7P0T979
USP13	A0A7P0T9F2
USP13	A0A7P0T9H6
USP13	A0A7P0T9J2
USP13	A0A7P0T9N7
USP13	A0A7P0T9Q1
USP13	A0A7P0T9S5
USP13	A0A7P0T9V0
USP13	A0A7P0T9X0
USP13	A0A7P0TA93
USP13	A0A7P0TA96
USP13	A0A7P0TAC6
USP13	A0A7P0TAJ4
USP13	A0A7P0TAJ9
USP13	A0A7P0TAM7
USP13	A0A7P0TAN6
USP13	A0A7P0TAP9
USP13	A0A7P0TAU4
USP13	A0A7P0TAV8
USP13	A0A7P0TB18
USP13	A0A7P0TB48
USP13	A0A7P0TB69
USP13	A0A7P0TB82
USP13	A0A7P0TB92
USP13	A0A7P0TBA7
USP13	A0A7P0TBD6
USP13	A0A7P0TBG5
USP13	A0A7P0TBN7
USP13	A0A7P0Z460
USP13	A0A7P0Z496
USP13	A0A7P0Z4C0
USP13	A0A7P0Z4J7
USP13	A0A7P0Z4M1
USP13	A0A7P0Z4P4
USP13	A0A7P0Z4R3
USP13	H7C502
USP13	H7C5J3
USP13	Q92995
USP54	A0A7P0T9K1
USP54	A0A7P0T9N2
USP54	H7C1E9
USP54	H7C296
USP54	Q70EL1
USP54	R4GN32
USP54	X6RGF2
USP54	X6RH50
USP54	X6RHN7
USP9X	D3DWB6
USP9X	Q6P468
USP9X	Q86X58
USP9X	Q93008
VCAM1	A0A3B3ISS8
VCAM1	E9PDD2
VCAM1	F2YYR6
VCAM1	F8UU18
VCAM1	F8UV74
VCAM1	G0ZFQ0
VCAM1	G0ZI12
VCAM1	P19320
VIL1	B4DV78
VIL1	C9J2B5
VIL1	H7C0B6
VIL1	P09327
VPS11	A0A087WXL6
VPS11	A0A087X2J4
VPS11	A0A0G2JS92
VPS11	B7Z879
VPS11	Q9H270
VPS39	A0A024R9L9
VPS39	H3BTU0
VPS39	Q96JC1
VSTM1	A0A0G2JPS7
VSTM1	A0A2R8Y636
VSTM1	D2DJS5
VSTM1	D2DJS6
VSTM1	D2E0V1
VSTM1	G8JLN4
VSTM1	H7C340
VSTM1	Q6UX27
WASHC4	A0A087X256
WASHC4	F8VNZ5
WASHC4	F8VQX3
WASHC4	F8VYH7
WASHC4	F8W1W1
WASHC4	Q2M389
WASHC4	R4GMM5
WFS1	A0A0S2Z4V4
WFS1	A0A0S2Z4V6
WFS1	A0A669KAX3
WFS1	A0A669KB26
WFS1	A0A669KBF0
WFS1	H0Y9G5
WFS1	O76024
XRCC3	G3V2L7
XRCC3	G3V2P3
XRCC3	G3V399
XRCC3	G3V3C8
XRCC3	G3V3H9
XRCC3	G3V3Q2
XRCC3	G3V5K0
XRCC3	O43542
XRCC3	Q53XC8
YARS	A0A0S2Z4P3
YARS	A0A0S2Z4R1
YIF1A	A6NGW1
YIF1A	C9JST7
YIF1A	E9PIZ0
YIF1A	E9PK42
YIF1A	E9PP02
YIF1A	E9PS11
YIF1A	O95070
YWHAB	A0A0J9YWE8
YWHAB	A0A0J9YWZ2
YWHAB	B5BU24
YWHAB	P31946
YWHAB	Q4VY19
YWHAB	Q4VY20
YWHAE	B4DJF2
YWHAE	I3L0W5
YWHAE	I3L3T1
YWHAE	K7EIT4
YWHAE	K7EM20
YWHAE	P62258
YWHAG	P61981
YWHAQ	E9PG15
YWHAQ	P27348
YWHAQ	Q53RR5
YWHAQ	Q53S41
YWHAZ	B0AZS6
YWHAZ	B7Z2E6
YWHAZ	D0PNI1
YWHAZ	E5RGE1
YWHAZ	E5RIR4
YWHAZ	E7ESK7
YWHAZ	E7EVZ2
YWHAZ	E7EX29
YWHAZ	E9PD24
YWHAZ	H0YB80
YWHAZ	P63104
ZC3H18	E7ERS3
ZC3H18	H3BP01
ZC3H18	H3BPD0
ZC3H18	H3BRH3
ZC3H18	H3BRN6
ZC3H18	Q86VM9
ZC3H7A	I3L1Y3
ZC3H7A	I3L282
ZC3H7A	I3L2K5
ZC3H7A	I3L2N8
ZC3H7A	I3L323
ZC3H7A	I3L382
ZC3H7A	I3L3F9
ZC3H7A	I3L3S2
ZC3H7A	Q8IWJ6
ZC3H7A	Q8IWR0
ZDHHC5	A0A024R546
ZDHHC5	E9PJ97
ZDHHC5	E9PMA5
ZDHHC5	H0YEF4
ZDHHC5	Q9C0B5
ZFHX3	Q15911
ZFHX3	Q8N2Y6
ZMYM2	A0A087X151
ZMYM2	Q9UBW7
ZNF250	E9PJU7
ZNF250	E9PKP2
ZNF250	E9PL28
ZNF250	E9PPG5
ZNF250	E9PQX5
ZNF250	F6RA56
ZNF250	P15622
ZNF250	Q3B7J8
ZNF318	Q5VUA4
ZNF318	U3KQ37
ZNF503	Q96F45
ZPR1	F8WBC5
ZPR1	H7BZM7
ZPR1	H7BZS1
ZPR1	H7C0E5
ZPR1	H7C449
ZPR1	O75312
ZSCAN4	Q8NAM6
ZYG11B	A8DPD7
ZYG11B	Q9C0D3
